"","p.name","p.id","p.owner","track.name","track.id","added.at","track.duration","track.popularity","track.dance","track.energy","track.key","track.loudness","track.speechiness","track.acousticness","track.instrumentalness","track.liveness","track.valence","track.tempo"
"1","Apr2017","32dlhauJfDaSzWongsjpfC","mark.rossi.06","This Girl (feat. Kylie Auldist)","7uGIgDgyL1u7nIZmjlxd6w","2017-04-01T17:34:35Z",224000,27,0.619,0.76,0,-3.91,0.0295,0.518,5.69e-05,0.194,0.636,101.018
"2","Apr2017","32dlhauJfDaSzWongsjpfC","mark.rossi.06","OooWee","6pzWZe7LIcfKzriMIk6opx","2017-04-01T23:54:30Z",270785,48,0.432,0.652,1,-8.745,0.32,0.00211,0,0.158,0.273,76.859
"3","Apr2017","32dlhauJfDaSzWongsjpfC","mark.rossi.06","Answer My Text","3JOqGqHbmbDVxwK2CSxoOk","2017-04-01T23:54:38Z",167835,53,0.551,0.512,2,-6.444,0.0309,0.0588,0,0.175,0.71,97.021
"4","Apr2017","32dlhauJfDaSzWongsjpfC","mark.rossi.06","Throne","5boFbh01VGCDkeYlJ06LPl","2017-04-03T13:57:16Z",185000,39,0.555,0.021,11,-20.232,0.0767,0.686,9.22e-06,0.331,0.269,119.88
"5","Apr2017","32dlhauJfDaSzWongsjpfC","mark.rossi.06","To Move On","25RPGkDBvks5Nr5e4sOM21","2017-04-03T14:39:46Z",214764,49,0.593,0.332,9,-7.609,0.0399,0.701,0.019,0.162,0.707,190.129
"6","Apr2017","32dlhauJfDaSzWongsjpfC","mark.rossi.06","Sigh of Relief","5yRmhyDpBOaz2jYI45lHhp","2017-04-03T15:33:31Z",226466,20,0.559,0.683,9,-6.618,0.0359,0.0656,0.000734,0.099,0.296,97.909
"7","Apr2017","32dlhauJfDaSzWongsjpfC","mark.rossi.06","We Go Home Together","71MGOqJ6rbrIQDoOeFIe5W","2017-04-03T16:10:00Z",155439,57,0.306,0.445,7,-11.259,0.0532,0.279,0.0537,0.324,0.0907,101.062
"8","Apr2017","32dlhauJfDaSzWongsjpfC","mark.rossi.06","Gems","7JrUNlHI9dSiqCTsrg8QBt","2017-04-05T15:25:35Z",267859,29,0.611,0.621,6,-5.634,0.0272,0.249,0.0066,0.14,0.233,90.019
"9","Apr2017","32dlhauJfDaSzWongsjpfC","mark.rossi.06","Eagle Moon","0A7F2NCOI7g0uDaDiB8K1X","2017-04-06T18:17:22Z",225959,58,0.669,0.715,7,-7.122,0.0334,0.795,0.884,0.0967,0.812,67.995
"10","Apr2017","32dlhauJfDaSzWongsjpfC","mark.rossi.06","Lost In The Light","25J4d78ESH2MgAJoIakB8O","2017-04-06T15:20:21Z",236720,63,0.601,0.262,2,-8.743,0.0344,0.804,0.0012,0.111,0.213,76.349
"11","Apr2017","32dlhauJfDaSzWongsjpfC","mark.rossi.06","Pockets Full Of No","3CMF7iCU5GZ5EDcxM2tZVn","2017-04-06T14:53:28Z",203400,54,0.613,0.755,10,-4.897,0.127,0.175,0.00303,0.168,0.813,166.036
"12","Apr2017","32dlhauJfDaSzWongsjpfC","mark.rossi.06","Saint","1gT1xuNX4TRaR7kz8vHz6b","2017-04-06T15:53:37Z",159863,51,0.648,0.592,6,-7.903,0.0942,0.644,0,0.384,0.53,98.38
"13","Apr2017","32dlhauJfDaSzWongsjpfC","mark.rossi.06","Laid Back and Loaded","3GrvavIvzviYvk6puj1Vpj","2017-04-06T22:07:37Z",217413,34,0.728,0.925,7,-6.691,0.0464,0.00446,0.49,0.0893,0.474,117.009
"14","Apr2017","32dlhauJfDaSzWongsjpfC","mark.rossi.06","Nightcrawler","2lKoi37YtYlhGxBYDfXk8B","2017-04-07T22:34:47Z",270930,63,0.866,0.414,2,-9.405,0.0516,0.109,0.876,0.104,0.244,122.015
"15","Apr2017","32dlhauJfDaSzWongsjpfC","mark.rossi.06","Oh Yeah","5c16qTJKks2JuaKzKPv87g","2017-04-08T01:13:42Z",316893,44,0.449,0.702,0,-6.288,0.0518,0.121,0.0216,0.0733,0.894,174.573
"16","Apr2017","32dlhauJfDaSzWongsjpfC","mark.rossi.06","Redbone","2Uvy6SkNqxvnH1W68dymxG","2017-04-09T15:30:48Z",326933,78,0.745,0.359,1,-10.429,0.112,0.192,0.00628,0.138,0.561,160.123
"17","Apr2017","32dlhauJfDaSzWongsjpfC","mark.rossi.06","Playing for You","3vslWaSUsWvTH0fC5ddWbv","2017-04-10T03:57:32Z",258895,61,0.545,0.591,11,-8.213,0.153,0.057,8.26e-06,0.12,0.361,85.014
"18","Apr2017","32dlhauJfDaSzWongsjpfC","mark.rossi.06","Do You Go Up","3yHl63aucGapvq5m3B18g0","2017-04-10T04:07:25Z",193000,56,0.5,0.219,1,-14.517,0.178,0.938,0.00348,0.103,0.214,97.146
"19","Apr2017","32dlhauJfDaSzWongsjpfC","mark.rossi.06","What We Had","7vz8Jb34YkATa0MIuqdCCs","2017-04-10T21:52:11Z",280226,1,0.729,0.455,1,-9.026,0.0467,0.414,0.843,0.101,0.739,79.993
"20","Apr2017","32dlhauJfDaSzWongsjpfC","mark.rossi.06","Friends Like These","1KUTyOFT5iodmzaiytg0ME","2017-04-10T21:58:42Z",291560,1,0.648,0.644,4,-9.188,0.101,0.65,0.901,0.0931,0.668,172.14
"21","Apr2017","32dlhauJfDaSzWongsjpfC","mark.rossi.06","Remember Me","3MOy9qmJe3xsJzp4s3uRHT","2017-04-10T23:21:25Z",386466,7,0.414,0.233,4,-10.6,0.0309,0.395,0.702,0.326,0.225,108.652
"22","Apr2017","32dlhauJfDaSzWongsjpfC","mark.rossi.06","Headphones","2ywWvPExyIHMxCB6GOwbw0","2017-04-12T14:14:59Z",336080,5,0.726,0.289,0,-13.219,0.0333,0.181,0.101,0.1,0.476,83.996
"23","Apr2017","32dlhauJfDaSzWongsjpfC","mark.rossi.06","Café","5YW0FJdrpTWJD3AQnjw1YT","2017-04-12T23:26:56Z",238979,36,0.801,0.626,8,-5.807,0.0675,0.377,0.811,0.153,0.261,82.026
"24","Apr2017","32dlhauJfDaSzWongsjpfC","mark.rossi.06","17","5UVBumEwdUnzvqxrXOYLFA","2017-04-13T12:38:58Z",236000,61,0.348,0.263,0,-8.531,0.0516,0.835,0.654,0.129,0.112,74.517
"25","Apr2017","32dlhauJfDaSzWongsjpfC","mark.rossi.06","Danse Caribe","4NSrC1oaMZ2Q9B71L0NK5K","2017-04-13T12:55:01Z",319053,38,0.402,0.669,7,-7.27,0.0426,0.149,0.00823,0.137,0.595,137.465
"26","Apr2017","32dlhauJfDaSzWongsjpfC","mark.rossi.06","DNA.","6HZILIRieu8S0iqY8kIKhj","2017-04-15T00:22:22Z",185946,92,0.637,0.514,1,-6.763,0.365,0.0047,0,0.094,0.379,139.931
"27","Apr2017","32dlhauJfDaSzWongsjpfC","mark.rossi.06","Down in Flames","0hRYdaKG1LD7rYcFOV3Amz","2017-04-15T19:56:44Z",187508,73,0.818,0.381,8,-8.241,0.153,0.067,0.0267,0.0961,0.0538,137.093
"28","Apr2017","32dlhauJfDaSzWongsjpfC","mark.rossi.06","Young Folks","6M6UoxIPn4NOWW0x7JPRfv","2017-04-15T20:29:05Z",279026,65,0.701,0.815,0,-5.995,0.038,0.0172,0.000627,0.0969,0.652,138.142
"29","Apr2017","32dlhauJfDaSzWongsjpfC","mark.rossi.06","Brooklyn (Skinny Girls)","5d5mr0PSDv5VUqATeOovnJ","2017-04-15T20:29:14Z",313335,7,0.496,0.542,11,-6.096,0.0359,0.279,0.331,0.109,0.55,183.981
"30","Apr2017","32dlhauJfDaSzWongsjpfC","mark.rossi.06","Curse the Weather","0zrGugNNUZ8AyEOaKUFjQA","2017-04-17T20:23:48Z",298040,48,0.598,0.677,8,-8.141,0.0617,0.444,1.88e-05,0.1,0.303,120.946
"31","Apr2017","32dlhauJfDaSzWongsjpfC","mark.rossi.06","Firefight","6K8FeFOouLIapUrISpSaI6","2017-04-18T13:10:56Z",292379,45,0.858,0.368,11,-13.592,0.0961,0.241,6.61e-06,0.0628,0.641,81.888
"32","Apr2017","32dlhauJfDaSzWongsjpfC","mark.rossi.06","Nakamarra (feat. Q-Tip)","12v5GBM74fB8WsHJPQRTIe","2017-04-20T02:04:08Z",275320,58,0.552,0.531,8,-6.767,0.125,0.656,5.21e-05,0.11,0.314,91.573
"33","Apr2017","32dlhauJfDaSzWongsjpfC","mark.rossi.06","All I Need - The Noisy Freaks Remix","4naynbPPdmDtoPjoQrIoDq","2017-04-20T15:55:32Z",207254,16,0.702,0.651,0,-4.647,0.0804,0.0989,7.05e-06,0.155,0.59,109.904
"34","Apr2017","32dlhauJfDaSzWongsjpfC","mark.rossi.06","Mind Frame","0c22owVY5y7VCwOIWb5DGC","2017-04-21T17:53:31Z",128128,23,0.566,0.611,11,-5.291,0.0235,0.00361,0.708,0.0847,0.653,84.107
"35","Apr2017","32dlhauJfDaSzWongsjpfC","mark.rossi.06","Acacia Road","4G0TXXsWu4URNOWso9kWON","2017-04-21T18:57:02Z",307500,17,0.504,0.793,7,-8.64,0.062,0.122,0.824,0.101,0.06,103.972
"36","Apr2017","32dlhauJfDaSzWongsjpfC","mark.rossi.06","Little Brother","2nee1ADU7skh07cCf7xq8C","2017-04-21T21:38:52Z",215346,63,0.768,0.402,5,-9.624,0.0389,0.0417,0.0431,0.0866,0.275,144.94
"37","Apr2017","32dlhauJfDaSzWongsjpfC","mark.rossi.06","Wakin on a Pretty Day","3cSlU4ZH4wzb5pM7wI1k3f","2017-04-23T20:28:38Z",570733,59,0.379,0.782,11,-8.163,0.0358,0.0472,0.748,0.265,0.529,101.698
"38","Apr2017","32dlhauJfDaSzWongsjpfC","mark.rossi.06","Shiver","1ODA4mZMaoBzT1TbPBW8B1","2017-04-24T02:52:54Z",233013,61,0.423,0.183,9,-13.517,0.0344,0.715,4.25e-05,0.104,0.133,122.341
"39","Apr2017","32dlhauJfDaSzWongsjpfC","mark.rossi.06","Just Tell Me","78UXazjKsdo5HpiVHl8lLW","2017-04-24T12:53:35Z",162344,56,0.639,0.628,9,-5.585,0.0241,0.24,7.75e-06,0.121,0.542,94.011
"40","Apr2017","32dlhauJfDaSzWongsjpfC","mark.rossi.06","Night On the Sun","34aKcpbQjW5s6yK6xM7G9q","2017-04-24T12:53:44Z",561626,26,0.457,0.531,11,-11.678,0.0341,0.693,0.122,0.0732,0.413,82.836
"41","Apr2017","32dlhauJfDaSzWongsjpfC","mark.rossi.06","Line Of Sight (feat. WYNNE & Mansionair)","2IUHcSxFPDKLRVgjXxvKjl","2017-04-25T14:47:00Z",237140,56,0.558,0.733,8,-6.65,0.0693,0.0334,0.00193,0.193,0.177,89.992
"42","Apr2017","32dlhauJfDaSzWongsjpfC","mark.rossi.06","Pretty Pimpin","3l9eg9RtisizG12a1D6nZl","2017-04-27T12:36:24Z",298760,68,0.566,0.664,8,-9.081,0.0281,0.0928,0.305,0.0903,0.761,91.117
"43","Mar2017","2jVR3FTITkUv6MhfGlG9V3","mark.rossi.06","Lost In Thought","0BSJ1iQEmGibLCPMHGtdo7","2017-03-02T04:33:41Z",376733,61,0.62,0.318,1,-15.88,0.0399,0.636,0.879,0.118,0.198,150.379
"44","Mar2017","2jVR3FTITkUv6MhfGlG9V3","mark.rossi.06","Worship","0C7RWyXGAeEUuD4JRcWKuF","2017-03-05T23:29:04Z",182241,36,0.41,0.882,1,-3.352,0.541,0.34,0,0.101,0.629,173.19
"45","Mar2017","2jVR3FTITkUv6MhfGlG9V3","mark.rossi.06","Nobody Knows (feat. WYNNE)","1FPat9MxjcvQNvhuVuBcmQ","2017-03-05T23:29:30Z",211964,56,0.582,0.621,4,-9.194,0.056,0.646,0.275,0.111,0.0603,184.98
"46","Mar2017","2jVR3FTITkUv6MhfGlG9V3","mark.rossi.06","Something for Your M.I.N.D.","0gnavFFJzThvFoS5pquUS2","2017-03-06T15:38:39Z",163631,50,0.713,0.553,2,-5.046,0.184,0.0948,0.00103,0.121,0.697,69.909
"47","Mar2017","2jVR3FTITkUv6MhfGlG9V3","mark.rossi.06","Pork Soda","5C5gvDZsl6d8bh89URfKHr","2017-03-08T23:01:45Z",253831,65,0.694,0.66,7,-7.824,0.0803,0.137,0.00126,0.357,0.607,96.017
"48","Mar2017","2jVR3FTITkUv6MhfGlG9V3","mark.rossi.06","The Finishing","2SCLswvRP8hAYdIKsrLV6h","2017-03-09T13:55:06Z",482983,56,0.773,0.377,9,-12.653,0.0455,0.655,0.829,0.122,0.0361,119.975
"49","Mar2017","2jVR3FTITkUv6MhfGlG9V3","mark.rossi.06","Wen Uuu","7thpkmYQjsmilZSddZQZOg","2017-03-10T15:00:48Z",233793,61,0.67,0.652,10,-6.565,0.0454,0.456,0.816,0.0953,0.0548,174.049
"50","Mar2017","2jVR3FTITkUv6MhfGlG9V3","mark.rossi.06","Jungle","4QEaE0Yj9oCvCzehPlZ1On","2017-03-12T16:05:39Z",315598,60,0.59,0.697,1,-5.877,0.0291,0.269,9.86e-05,0.0881,0.489,146.059
"51","Mar2017","2jVR3FTITkUv6MhfGlG9V3","mark.rossi.06","Fading","2fKEunM0KZVpVLwlvmVlDZ","2017-03-12T16:05:50Z",280055,69,0.662,0.482,9,-9.786,0.0464,0.515,0.00553,0.119,0.282,98.05
"52","Mar2017","2jVR3FTITkUv6MhfGlG9V3","mark.rossi.06","Angela","5bodDpPolC3xlame0SVcDY","2017-03-12T16:07:24Z",201785,66,0.668,0.563,4,-8.23,0.0305,0.649,0.000347,0.11,0.299,130.366
"53","Mar2017","2jVR3FTITkUv6MhfGlG9V3","mark.rossi.06","Shines","3eK4Rh8wjiVfYncZgWekzr","2017-03-12T17:15:34Z",213506,38,0.506,0.761,7,-7.093,0.0249,0.259,0.121,0.15,0.783,98.698
"54","Mar2017","2jVR3FTITkUv6MhfGlG9V3","mark.rossi.06","Snow In Newark (feat. Dawn Golden)","2jDotBEJeHnoyrbBRVR6Bw","2017-03-13T17:33:38Z",243956,49,0.663,0.718,0,-7.587,0.0386,0.358,0.0969,0.101,0.408,90.996
"55","Mar2017","2jVR3FTITkUv6MhfGlG9V3","mark.rossi.06","Comfort Inside Plastic","6KMRGjIj6JHg93gQv7TbGx","2017-03-13T17:42:21Z",150706,24,0.638,0.264,9,-16.635,0.037,0.709,0.797,0.0829,0.362,145.008
"56","Mar2017","2jVR3FTITkUv6MhfGlG9V3","mark.rossi.06","Fingertips","2x7oAXiAlAIWfwxMdzQeKQ","2017-03-13T17:42:29Z",196413,52,0.611,0.608,2,-7.491,0.0346,0.168,0.00131,0.248,0.179,127.893
"57","Mar2017","2jVR3FTITkUv6MhfGlG9V3","mark.rossi.06","Don't Need U","4fKd5LomjShS4NgKNcGNxx","2017-03-13T22:23:50Z",335000,43,0.732,0.524,2,-7.538,0.0692,0.205,0.00335,0.0775,0.175,154.302
"58","Mar2017","2jVR3FTITkUv6MhfGlG9V3","mark.rossi.06","Firebird","29UccmEOSp9Zb4YTdPk8Ks","2017-03-17T16:41:24Z",221640,59,0.756,0.646,2,-8.126,0.034,0.0403,0.00784,0.166,0.377,109.983
"59","Mar2017","2jVR3FTITkUv6MhfGlG9V3","mark.rossi.06","Cold Blue Rain","2lHJmKHN768UkN39rp7Z7Y","2017-03-17T16:51:46Z",297320,56,0.642,0.618,8,-8.062,0.0411,0.265,0.000324,0.0986,0.547,164.015
"60","Mar2017","2jVR3FTITkUv6MhfGlG9V3","mark.rossi.06","The Alter","23q8i9J3Jcb7IzuE5w3adp","2017-03-18T21:55:02Z",222684,30,0.591,0.56,7,-7.886,0.0286,0.0167,0.0433,0.0828,0.153,122.495
"61","Mar2017","2jVR3FTITkUv6MhfGlG9V3","mark.rossi.06","Passionfruit","5mCPDVBb16L4XQwDdbRUpz","2017-03-19T01:52:09Z",298940,94,0.804,0.459,11,-11.556,0.039,0.304,0.0862,0.11,0.372,111.963
"62","Mar2017","2jVR3FTITkUv6MhfGlG9V3","mark.rossi.06","Comb My Hair","6Nv9wnmvvlpEL9D7Cs7CwE","2017-03-21T21:38:57Z",255666,55,0.431,0.799,8,-5.193,0.0656,0.00751,6.75e-06,0.342,0.584,161.95
"63","Mar2017","2jVR3FTITkUv6MhfGlG9V3","mark.rossi.06","Smoke & Mirrors","1YI6wLnlhRIYCBq5vg2tfx","2017-03-22T00:36:53Z",218506,57,0.649,0.591,9,-11.936,0.198,0.719,0.78,0.122,0.42,90.006
"64","Mar2017","2jVR3FTITkUv6MhfGlG9V3","mark.rossi.06","Waiting","1Xu47hsEbyKfdmlV2DgQw9","2017-03-22T13:06:30Z",262317,59,0.674,0.643,4,-6.955,0.0436,0.386,0.17,0.106,0.347,82.103
"65","Mar2017","2jVR3FTITkUv6MhfGlG9V3","mark.rossi.06","Your Call","0WOAazD28H3cCN0gZkKGtW","2017-03-22T13:17:12Z",231893,27,0.771,0.511,10,-4.689,0.115,0.626,0,0.31,0.929,93.049
"66","Mar2017","2jVR3FTITkUv6MhfGlG9V3","mark.rossi.06","Jacket Weather","5GnUTAwSCkr9WyYnt9BpbD","2017-03-23T22:54:35Z",181422,42,0.797,0.693,1,-4.806,0.037,0.685,0.00192,0.153,0.375,126.964
"67","Mar2017","2jVR3FTITkUv6MhfGlG9V3","mark.rossi.06","Under Lock and Key","4LxvIbya6ZRRxgNIZOohnl","2017-03-24T22:21:54Z",387600,20,0.441,0.592,5,-7.736,0.0288,0.479,0.0788,0.127,0.281,78.547
"68","Mar2017","2jVR3FTITkUv6MhfGlG9V3","mark.rossi.06","Saturday","50wiHcvfcpQSo5P5rbyozc","2017-03-24T23:14:37Z",283026,54,0.525,0.717,0,-6.06,0.0339,0.0716,0.575,0.121,0.206,130.898
"69","Mar2017","2jVR3FTITkUv6MhfGlG9V3","mark.rossi.06","Stumble (feat. Parcels) - Richard Dorfmeister Cinematic Way Version","3t7dtvLMR8HgPv3JTkLqfL","2017-03-24T23:29:18Z",359927,40,0.698,0.599,5,-11.237,0.049,0.356,0.626,0.155,0.196,91.987
"70","Mar2017","2jVR3FTITkUv6MhfGlG9V3","mark.rossi.06","Kill Satan","2zbNcBacReiKyZo7STzPZ0","2017-03-25T00:37:34Z",224000,34,0.73,0.596,7,-7.141,0.0298,0.391,0.886,0.168,0.721,120.15
"71","Mar2017","2jVR3FTITkUv6MhfGlG9V3","mark.rossi.06","Wake","7lAjH9Ci4kcTcCC5EV22vS","2017-03-25T00:45:50Z",295386,28,0.578,0.839,6,-9.991,0.0409,0.119,0.48,0.187,0.159,119.997
"72","Mar2017","2jVR3FTITkUv6MhfGlG9V3","mark.rossi.06","Up In Hudson","0A4yKvRLnSxGcEFhAHjdwW","2017-03-25T01:58:41Z",450544,53,0.672,0.733,10,-6.988,0.0771,0.379,0.0242,0.152,0.671,123.991
"73","Mar2017","2jVR3FTITkUv6MhfGlG9V3","mark.rossi.06","Evil Deeds","5X2bl2uo3g6vruHJhVFcG1","2017-03-25T15:00:17Z",178536,35,0.744,0.721,10,-6.213,0.357,0.178,0,0.0739,0.793,81.959
"74","Mar2017","2jVR3FTITkUv6MhfGlG9V3","mark.rossi.06","Nothing","40e6hiZ1el4IWAJZ83GaVu","2017-03-25T17:08:54Z",157213,21,0.406,0.753,11,-7.012,0.0462,0.157,0.0924,0.111,0.842,170.536
"75","Mar2017","2jVR3FTITkUv6MhfGlG9V3","mark.rossi.06","Ride the Black Wave","0I1F980cqXoIHLlu2btcQh","2017-03-25T17:21:26Z",200453,23,0.46,0.641,2,-8.294,0.0236,0.53,0.108,0.473,0.799,96.097
"76","Mar2017","2jVR3FTITkUv6MhfGlG9V3","mark.rossi.06","Numb","6bDnsXPoPb9vfaXry1CVql","2017-03-28T22:15:35Z",267200,51,0.84,0.81,0,-8.028,0.0706,0.0847,0.188,0.113,0.156,118.008
"77","Mar2017","2jVR3FTITkUv6MhfGlG9V3","mark.rossi.06","Stray","38AZSMHSwkhiAZsxDgQOHs","2017-03-29T02:06:51Z",223653,39,0.724,0.807,0,-2.445,0.0496,0.0308,9.28e-05,0.0708,0.677,100.898
"78","Feb2017","0JfjB7rFlxgErruxTiMRUf","mark.rossi.06","Good Friend","1sU87ggydfhSS1YyCRSZZq","2017-02-01T22:15:27Z",365546,39,0.372,0.768,3,-6.842,0.0526,0.0327,0.131,0.082,0.155,89.239
"79","Feb2017","0JfjB7rFlxgErruxTiMRUf","mark.rossi.06","The Deep","3NdwkI7uW7o4kgnbfqQh6l","2017-02-01T22:51:59Z",268308,27,0.648,0.447,0,-9.394,0.0915,0.354,3.03e-05,0.093,0.175,154.123
"80","Feb2017","0JfjB7rFlxgErruxTiMRUf","mark.rossi.06","Dreaming Of","3xvnvRDObAqZSDkPpnq5sT","2017-02-05T16:08:30Z",223526,40,0.464,0.837,4,-6.684,0.0296,0.367,0.0325,0.128,0.767,106.891
"81","Feb2017","0JfjB7rFlxgErruxTiMRUf","mark.rossi.06","Stargazer","04ax3ScDiugjjLB1od1ffg","2017-02-08T23:09:31Z",372666,32,0.271,0.788,0,-8.441,0.0372,0.0171,0.733,0.173,0.399,103.314
"82","Feb2017","0JfjB7rFlxgErruxTiMRUf","mark.rossi.06","Painter in Your Pocket","2kkJENGuusOzj1vXN3s0xO","2017-02-08T23:36:09Z",250013,48,0.566,0.511,6,-8.826,0.0614,0.674,3.02e-06,0.221,0.25,123.311
"83","Feb2017","0JfjB7rFlxgErruxTiMRUf","mark.rossi.06","Killin The Vibe","2EjQHNY358J7m1nUeMaWFw","2017-02-09T00:10:45Z",259186,55,0.575,0.921,6,-3.085,0.0533,0.729,0.0955,0.128,0.494,125.583
"84","Feb2017","0JfjB7rFlxgErruxTiMRUf","mark.rossi.06","Lost on You","2kz40rIHjfGYxurLiuCBp9","2017-02-09T01:10:54Z",268105,68,0.433,0.724,5,-6.126,0.0372,0.1,0,0.0918,0.661,174.006
"85","Feb2017","0JfjB7rFlxgErruxTiMRUf","mark.rossi.06","Fallin'Down ft. Parks","2LNlJV2ISWgt3f7yAG6CsL","2017-02-09T15:27:20Z",340539,30,0.582,0.468,1,-6.901,0.0406,0.75,0.18,0.0685,0.487,97.085
"86","Feb2017","0JfjB7rFlxgErruxTiMRUf","mark.rossi.06","Actually Smiling","1oJVOO1B9fXfw62IQoWsXp","2017-02-09T23:46:26Z",294532,42,0.76,0.645,6,-10.428,0.0531,0.602,0.945,0.0954,0.848,120.02
"87","Feb2017","0JfjB7rFlxgErruxTiMRUf","mark.rossi.06","one of us","5v3lnjl6T5axEpMlwiiBdI","2017-02-11T18:29:03Z",139084,42,0.774,0.708,3,-5.878,0.112,0.82,0.000161,0.125,0.571,170.018
"88","Feb2017","0JfjB7rFlxgErruxTiMRUf","mark.rossi.06","Smooth Sailin'","3bdahDnXPoHhxwYMJIPJZu","2017-02-11T18:50:44Z",171160,39,0.751,0.133,0,-12.858,0.0464,0.699,0,0.11,0.358,70.48
"89","Feb2017","0JfjB7rFlxgErruxTiMRUf","mark.rossi.06","Let The Chalice Blaze","4KLEYPEMXx599V7w6mugro","2017-02-11T20:27:29Z",284026,38,0.735,0.452,9,-10.145,0.0809,0.0233,0.903,0.101,0.366,90.004
"90","Feb2017","0JfjB7rFlxgErruxTiMRUf","mark.rossi.06","sublime","2RjdEUqVBC6aRUd731J4NB","2017-02-12T22:17:48Z",221372,37,0.815,0.551,0,-6.558,0.0522,0.756,0.036,0.187,0.848,133.374
"91","Feb2017","0JfjB7rFlxgErruxTiMRUf","mark.rossi.06","Sheep","7412fpVfB2PSSb1nENQczC","2017-02-13T15:34:02Z",215180,64,0.498,0.502,2,-8.052,0.0371,0.891,0.000907,0.0716,0.301,81.169
"92","Feb2017","0JfjB7rFlxgErruxTiMRUf","mark.rossi.06","Here In Spirit","5GE8FTL15kS123apRK7vD4","2017-02-14T15:49:50Z",256413,51,0.528,0.556,11,-5.945,0.0396,0.00625,0.0429,0.336,0.504,80.038
"93","Feb2017","0JfjB7rFlxgErruxTiMRUf","mark.rossi.06","We Ain't Getting Any Younger Pt. 2","0BZa5Bb1exK27SE2eZcyy1","2017-02-14T16:02:09Z",184786,41,0.404,0.692,5,-6.736,0.0486,0.13,0.375,0.177,0.668,141.47
"94","Feb2017","0JfjB7rFlxgErruxTiMRUf","mark.rossi.06","True Nature","48CS6ioeWtpd7WUqx2fLzo","2017-02-14T16:05:41Z",220866,40,0.375,0.869,0,-6.916,0.102,0.373,0.678,0.274,0.603,153.864
"95","Feb2017","0JfjB7rFlxgErruxTiMRUf","mark.rossi.06","In The Moment","6Pm9ZKB8Jj3BSmsTetRhFx","2017-02-14T16:09:44Z",249053,41,0.475,0.691,4,-6.641,0.034,0.64,0.628,0.153,0.583,90.306
"96","Feb2017","0JfjB7rFlxgErruxTiMRUf","mark.rossi.06","Reality In Motion","3I7OmVsk4Hm5LBbs2GmhlD","2017-02-15T23:40:36Z",252026,57,0.535,0.916,2,-4.976,0.06,0.162,0.000495,0.398,0.487,115.015
"97","Feb2017","0JfjB7rFlxgErruxTiMRUf","mark.rossi.06","White Light","4Ymo5rUYjGob80ozrsHF9u","2017-02-16T23:25:13Z",290120,30,0.608,0.747,7,-7.753,0.0322,0.00262,0.187,0.186,0.549,103.012
"98","Feb2017","0JfjB7rFlxgErruxTiMRUf","mark.rossi.06","Depth Charge","3jdYXYKW66bawC9V7mj5Wy","2017-02-17T23:48:14Z",308940,57,0.503,0.702,1,-5.388,0.0858,0.0494,0.422,0.274,0.173,80.006
"99","Feb2017","0JfjB7rFlxgErruxTiMRUf","mark.rossi.06","When I Get There","2sKTYRCgUHXmIhI2hoBuZE","2017-02-18T00:05:28Z",220000,61,0.694,0.483,0,-7.157,0.0359,0.000196,0.557,0.134,0.141,96.029
"100","Feb2017","0JfjB7rFlxgErruxTiMRUf","mark.rossi.06","Ontario","4GroumsjzAcgCwJzTGY7px","2017-02-18T21:37:11Z",232549,58,0.54,0.461,10,-9.427,0.0341,0.236,0.531,0.0865,0.108,89.995
"101","Feb2017","0JfjB7rFlxgErruxTiMRUf","mark.rossi.06","My Old Man","1Cf943IKq0bhdBv4VfdOcd","2017-02-19T19:06:43Z",221653,65,0.658,0.575,1,-11.493,0.0332,0.677,0.253,0.0985,0.835,149.274
"102","Feb2017","0JfjB7rFlxgErruxTiMRUf","mark.rossi.06","Estevez","2SkmEolTWq4mRQJWh8Vz7R","2017-02-19T20:58:18Z",142942,31,0.239,0.451,6,-12.499,0.0285,0.0419,0.938,0.53,0.45,151.411
"103","Feb2017","0JfjB7rFlxgErruxTiMRUf","mark.rossi.06","California Dreamin'","7E5p9vyjnx7C90DU8Jv1PI","2017-02-19T21:03:22Z",377106,46,0.577,0.675,1,-9.356,0.123,0.29,0.0265,0.0488,0.912,156.32
"104","Feb2017","0JfjB7rFlxgErruxTiMRUf","mark.rossi.06","Dog Years","5RRNZFyOi17nTh2bPEKPtp","2017-02-21T12:29:49Z",277506,60,0.641,0.529,9,-7.125,0.0311,0.199,0.00151,0.107,0.0707,95.01
"105","Feb2017","0JfjB7rFlxgErruxTiMRUf","mark.rossi.06","Young Hearts","3bp1AbnMkaCXELQXovwRdb","2017-02-22T00:02:05Z",218503,58,0.726,0.501,8,-10.018,0.0335,0.198,0.0173,0.131,0.18,119.069
"106","Feb2017","0JfjB7rFlxgErruxTiMRUf","mark.rossi.06","Old Love (feat. Bobby ""Blue"" Bland)","1j5IW94Vn3hRbV5PqoYG4U","2017-02-26T00:48:28Z",277133,19,0.721,0.509,9,-6.574,0.0712,0.158,0.731,0.0746,0.55,67.56
"107","Jan2017","6AO31Sf8VKs2CW2SSRBGMe","mark.rossi.06","Nobody Speak (feat. Run the Jewels)","2zvXUc9nn5Uwer8dbWxN8F","2017-01-02T00:11:32Z",195965,56,0.62,0.813,2,-5.937,0.153,0.0377,0.00282,0.263,0.316,160.063
"108","Jan2017","6AO31Sf8VKs2CW2SSRBGMe","mark.rossi.06","Bunker","6riWwLphRonllNhC5SILlR","2017-01-03T23:49:45Z",291280,36,0.677,0.445,10,-8.883,0.0366,0.218,0.0206,0.165,0.232,107.002
"109","Jan2017","6AO31Sf8VKs2CW2SSRBGMe","mark.rossi.06","Wait Any Longer","4UrOaQjgMHy40ypI0lZCW6","2017-01-04T00:15:27Z",202053,23,0.533,0.552,11,-7.135,0.0434,0.368,0.000246,0.137,0.648,163.647
"110","Jan2017","6AO31Sf8VKs2CW2SSRBGMe","mark.rossi.06","Decency","0Yy9FK5wu72De1NcpJ204O","2017-01-05T19:09:01Z",239796,31,0.632,0.395,4,-7.873,0.0291,0.148,1.82e-05,0.0938,0.27,80.01
"111","Jan2017","6AO31Sf8VKs2CW2SSRBGMe","mark.rossi.06","Heart","5VD6Stj5t9f185bJuOJllB","2017-01-06T00:04:31Z",297614,46,0.612,0.346,1,-10.051,0.0373,0.437,0.741,0.115,0.0383,107.029
"112","Jan2017","6AO31Sf8VKs2CW2SSRBGMe","mark.rossi.06","Paper Trails","6rqONVHOT73QecUdJ5HVHy","2017-01-06T00:10:29Z",289840,56,0.948,0.419,8,-13.043,0.058,0.779,0.916,0.121,0.38,113.235
"113","Jan2017","6AO31Sf8VKs2CW2SSRBGMe","mark.rossi.06","Alley Cats","5XQFtyfk4xZXxAwgL9uafh","2017-01-06T01:33:55Z",131876,17,0.62,0.153,2,-12.227,0.0386,0.892,0,0.108,0.144,116.245
"114","Jan2017","6AO31Sf8VKs2CW2SSRBGMe","mark.rossi.06","Virginia Wolf","1YAY1Uyr37KAL9OoORduzM","2017-01-07T00:46:30Z",248081,35,0.747,0.64,6,-11.094,0.11,0.315,0.73,0.136,0.589,92.99
"115","Jan2017","6AO31Sf8VKs2CW2SSRBGMe","mark.rossi.06","Start Shootin'","4IUgpL0CgSiloUOHzgd6Qe","2017-01-07T03:15:36Z",216666,54,0.59,0.837,4,-10.138,0.0423,0.16,0.733,0.101,0.422,89.871
"116","Jan2017","6AO31Sf8VKs2CW2SSRBGMe","mark.rossi.06","Runnin Thru My Dreams","16jfJeExr91K1XNuqDjsoC","2017-01-09T16:35:16Z",254728,42,0.693,0.581,9,-9.384,0.0891,0.146,0.00419,0.169,0.327,75.979
"117","Jan2017","6AO31Sf8VKs2CW2SSRBGMe","mark.rossi.06","The Gaudy Side of Town","1VdSiFWAzU1pwpllaQVN5h","2017-01-09T21:43:12Z",427226,7,0.685,0.423,11,-9.031,0.0475,0.716,0.518,0.0765,0.649,138.034
"118","Jan2017","6AO31Sf8VKs2CW2SSRBGMe","mark.rossi.06","No Sweat","1MGhJnIIx29GItCJPBF7N0","2017-01-09T21:57:36Z",365840,0,0.503,0.399,10,-8.631,0.0265,0.27,0.224,0.119,0.131,138.191
"119","Jan2017","6AO31Sf8VKs2CW2SSRBGMe","mark.rossi.06","Crystal Rope","16o27x0HMVzjGGPdKgdqVx","2017-01-09T22:09:50Z",204346,0,0.703,0.281,9,-7.572,0.0663,0.251,0.792,0.149,0.418,68.707
"120","Jan2017","6AO31Sf8VKs2CW2SSRBGMe","mark.rossi.06","Faded High","7buALU8VTcaC20oYBi2Wj2","2017-01-09T22:20:20Z",448466,0,0.62,0.827,1,-6.292,0.0298,0.0957,0.757,0.107,0.441,137.964
"121","Jan2017","6AO31Sf8VKs2CW2SSRBGMe","mark.rossi.06","Kiwi Maddog 20/20 (Version 2)","4VVVIchlJFKul9vntEVNcz","2017-01-13T00:08:32Z",222853,39,0.495,0.495,0,-9.278,0.0311,0.449,0.89,0.111,0.165,76.562
"122","Jan2017","6AO31Sf8VKs2CW2SSRBGMe","mark.rossi.06","Ghetto Matrix","50Nh8frDBwirycorRCddKi","2017-01-13T23:32:47Z",226520,39,0.592,0.769,2,-7.127,0.19,0.359,0.0143,0.122,0.222,171.94
"123","Jan2017","6AO31Sf8VKs2CW2SSRBGMe","mark.rossi.06","Away From Today","2ZqLQU3i8ZNjEVZ6b9HNO0","2017-01-14T22:07:36Z",204158,41,0.536,0.826,0,-5.493,0.0318,0.000863,0.000396,0.116,0.432,97.526
"124","Jan2017","6AO31Sf8VKs2CW2SSRBGMe","mark.rossi.06","I Just Wanna","4tPrsy2AujIOUxYd6ITOIz","2017-01-14T22:22:12Z",183243,55,0.608,0.852,4,-6.885,0.0419,0.0021,0.505,0.369,0.647,148.004
"125","Jan2017","6AO31Sf8VKs2CW2SSRBGMe","mark.rossi.06","Repeat","2eIL9b2YyVTRxElEK68Tjs","2017-01-14T23:34:40Z",225880,48,0.776,0.294,3,-14.181,0.22,0.525,0.409,0.0683,0.199,135.974
"126","Jan2017","6AO31Sf8VKs2CW2SSRBGMe","mark.rossi.06","How We Ride / Time","0FjqKSCgHVY5cIK4CLErSQ","2017-01-15T17:53:45Z",340708,30,0.45,0.608,10,-6.96,0.0618,0.369,0.00113,0.0918,0.427,66.003
"127","Jan2017","6AO31Sf8VKs2CW2SSRBGMe","mark.rossi.06","Solid Ground","0pL7EomjZPDvHiyWTZ6vy0","2017-01-15T18:06:59Z",197383,25,0.746,0.637,2,-8.368,0.0301,0.476,0.0182,0.282,0.824,106.922
"128","Jan2017","6AO31Sf8VKs2CW2SSRBGMe","mark.rossi.06","Life of Luxury","7awPLCWmhJj0nS2vpwttvH","2017-01-16T00:02:08Z",173493,26,0.579,0.91,6,-5.307,0.0293,0.268,0.00124,0.105,0.863,115.098
"129","Jan2017","6AO31Sf8VKs2CW2SSRBGMe","mark.rossi.06","Dangerous","33B2QbtAj8mbDpwvGTOnBt","2017-01-16T00:08:48Z",250000,71,0.774,0.709,8,-6.166,0.0465,0.00224,0.00224,0.21,0.575,119.982
"130","Jan2017","6AO31Sf8VKs2CW2SSRBGMe","mark.rossi.06","A Violent Noise","661bbtA19xopO3lH0J4Qvr","2017-01-16T00:22:42Z",227466,69,0.549,0.423,0,-8.885,0.0373,0.745,0.172,0.127,0.145,119.345
"131","Jan2017","6AO31Sf8VKs2CW2SSRBGMe","mark.rossi.06","On Hold","5CPqOpKSk0QcJ3dGdaWcRB","2017-01-16T00:36:46Z",224133,78,0.723,0.669,0,-6.784,0.0348,0.0522,0.192,0.109,0.332,125.051
"132","Jan2017","6AO31Sf8VKs2CW2SSRBGMe","mark.rossi.06","Break Apart","2pYvd6cHcAIMAM6xMD6nok","2017-01-16T00:55:20Z",274693,64,0.648,0.458,5,-15.169,0.0311,0.864,0.0944,0.366,0.0875,119.96
"133","Jan2017","6AO31Sf8VKs2CW2SSRBGMe","mark.rossi.06","Dragged","6fawwYO58aoLOPvvZG6qWs","2017-01-17T04:31:31Z",300656,45,0.773,0.596,5,-11.647,0.0848,0.25,0.82,0.205,0.0865,115.035
"134","Jan2017","6AO31Sf8VKs2CW2SSRBGMe","mark.rossi.06","Undercover","63M7hln9KBZDw4xIFgkC34","2017-01-17T07:00:13Z",287436,39,0.637,0.863,7,-7.456,0.0411,0.0137,0.000465,0.281,0.186,120.02
"135","Jan2017","6AO31Sf8VKs2CW2SSRBGMe","mark.rossi.06","Pink Frost","4VumKKz7GvOpJ2V1wIMThn","2017-01-22T17:36:43Z",235773,15,0.582,0.529,6,-11.43,0.0262,0.582,0.259,0.0806,0.306,138.825
"136","Jan2017","6AO31Sf8VKs2CW2SSRBGMe","mark.rossi.06","Mind Frame","3VHwCZELoHPne0nvgFNTiu","2017-01-22T20:00:24Z",128128,33,0.473,0.603,11,-5.25,0.0256,0.00485,0.769,0.0817,0.594,168.274
"137","Jan2017","6AO31Sf8VKs2CW2SSRBGMe","mark.rossi.06","Follow the Leader","5XjwPZtK5rn5uP7YgRd08U","2017-01-22T20:10:19Z",253226,57,0.514,0.589,2,-8.249,0.032,0.0658,5.34e-05,0.0862,0.727,115.283
"138","Jan2017","6AO31Sf8VKs2CW2SSRBGMe","mark.rossi.06","Trauma","0O7t7lRtESdjd5z01HLzvG","2017-01-22T20:28:01Z",284680,42,0.272,0.702,3,-8.629,0.0341,0.355,0.0568,0.286,0.401,83.845
"139","Jan2017","6AO31Sf8VKs2CW2SSRBGMe","mark.rossi.06","Self Control","5RRbTnSvlD5AUYsQ1Cizor","2017-01-22T20:58:24Z",249667,23,0.545,0.21,8,-10.43,0.0337,0.769,0,0.372,0.441,80.058
"140","Jan2017","6AO31Sf8VKs2CW2SSRBGMe","mark.rossi.06","Wizard Staff","6f2r0BF9ygsB4N2rqQ9ddg","2017-01-23T17:00:52Z",232240,47,0.619,0.708,0,-5.773,0.0235,0.222,0.00146,0.133,0.38,83.164
"141","Jan2017","6AO31Sf8VKs2CW2SSRBGMe","mark.rossi.06","Namesake","7KPwtMDLXR85DS5K6V6BEO","2017-01-23T23:01:06Z",187199,38,0.35,0.833,9,-7.688,0.0362,0.00595,0.00274,0.385,0.35,81.526
"142","Jan2017","6AO31Sf8VKs2CW2SSRBGMe","mark.rossi.06","As We Proceed","3anOLstTVypgnV5yVNLmc7","2017-01-24T22:41:12Z",260069,56,0.61,0.83,1,-2.974,0.0636,0.0168,0.0119,0.0927,0.414,109.946
"143","Jan2017","6AO31Sf8VKs2CW2SSRBGMe","mark.rossi.06","PTP","6O5CR9nBsr8lJZajascWxi","2017-01-29T23:56:09Z",172026,37,0.649,0.878,11,-3.619,0.0471,0.00909,0.000159,0.141,0.802,105.892
"144","November/December 2016","2wgiHFvChwdRhBaJTe6G0C","mark.rossi.06","Fill The Void","4cieRtd3nCxideC8lesgis","2016-11-02T03:12:39Z",208000,49,0.335,0.475,6,-7.946,0.0961,0.493,0.000236,0.11,0.0665,179.919
"145","November/December 2016","2wgiHFvChwdRhBaJTe6G0C","mark.rossi.06","Speedracer","6sgLdKmIanffJuDasoyPEU","2016-11-03T21:08:04Z",240000,44,0.726,0.672,10,-5.505,0.164,0.269,1.29e-05,0.0813,0.424,105.997
"146","November/December 2016","2wgiHFvChwdRhBaJTe6G0C","mark.rossi.06","Hush","2hup7lQB1vMfVTemkfljLR","2016-11-04T03:00:49Z",319124,50,0.622,0.752,4,-6.964,0.124,0.189,0.0124,0.0443,0.576,126.047
"147","November/December 2016","2wgiHFvChwdRhBaJTe6G0C","mark.rossi.06","Changes","1fgRtTPG5apeQ74mzeT3yL","2016-11-08T15:24:18Z",234800,48,0.569,0.566,10,-7.01,0.083,0.0596,2.19e-06,0.113,0.309,79.844
"148","November/December 2016","2wgiHFvChwdRhBaJTe6G0C","mark.rossi.06","Old School Melody","5I6bapsIRGGYaK0TitT3KN","2016-11-08T19:29:25Z",259986,38,0.717,0.577,1,-9.236,0.0517,0.486,0.000161,0.258,0.193,100.983
"149","November/December 2016","2wgiHFvChwdRhBaJTe6G0C","mark.rossi.06","She's Gone","5dFoWIiJ2814hRwMYDcFiU","2016-11-09T23:28:16Z",313373,57,0.523,0.341,4,-14.034,0.0388,0.313,0.000114,0.621,0.36,77.487
"150","November/December 2016","2wgiHFvChwdRhBaJTe6G0C","mark.rossi.06","Center States (Idaho)","3L3hPSYtwq6HyVUb91xDsH","2016-11-10T00:33:02Z",356266,18,0.556,0.464,1,-11.281,0.0385,0.693,0.00179,0.0987,0.261,124.962
"151","November/December 2016","2wgiHFvChwdRhBaJTe6G0C","mark.rossi.06","Kerala","3AuSogI89rld1KqfUpL3Np","2016-11-11T21:43:31Z",237546,63,0.529,0.739,7,-9.578,0.0718,0.0237,0.607,0.171,0.132,124.75
"152","November/December 2016","2wgiHFvChwdRhBaJTe6G0C","mark.rossi.06","OffOffOff","5oFyFiDVQthHcJUJmL6Q7S","2016-11-14T18:54:44Z",227368,40,0.639,0.717,7,-7.823,0.0851,0.172,0.0723,0.155,0.151,95.073
"153","November/December 2016","2wgiHFvChwdRhBaJTe6G0C","mark.rossi.06","Keeping Me Under","1N5zNjjaie1MpYW4oTPqVZ","2016-11-14T19:23:19Z",218926,52,0.795,0.549,2,-7.791,0.088,0.135,0.000109,0.115,0.592,108.012
"154","November/December 2016","2wgiHFvChwdRhBaJTe6G0C","mark.rossi.06","Uncertainly","1qyETQ5t2UG76pfqnYOZ6h","2016-11-15T01:42:58Z",303077,37,0.359,0.333,0,-8.939,0.0272,0.174,0.041,0.28,0.286,97.28
"155","November/December 2016","2wgiHFvChwdRhBaJTe6G0C","mark.rossi.06","Landed - New Version","4mrVwQQiv8AkXoJWehbWsK","2016-11-15T15:48:48Z",266773,42,0.413,0.684,10,-6.099,0.0291,0.0557,4.76e-05,0.244,0.286,83.199
"156","November/December 2016","2wgiHFvChwdRhBaJTe6G0C","mark.rossi.06","Walls to Build","0VMSKpmGtl8b7JJ7Qzw29c","2016-11-16T13:24:38Z",217382,35,0.778,0.553,11,-8.738,0.0427,0.517,0.391,0.113,0.481,133.988
"157","November/December 2016","2wgiHFvChwdRhBaJTe6G0C","mark.rossi.06","Had I Known You Better Then","2aoHAxXJYM1sF71NT1cLg0","2016-11-17T02:31:05Z",202093,37,0.517,0.409,5,-15.712,0.0357,0.602,0,0.33,0.624,88.611
"158","November/December 2016","2wgiHFvChwdRhBaJTe6G0C","mark.rossi.06","From Now On","1KuVrW8v13eJhLKS6y8mjp","2016-11-17T03:23:26Z",198120,30,0.568,0.614,0,-8.187,0.0382,0.342,0.829,0.11,0.532,178.039
"159","November/December 2016","2wgiHFvChwdRhBaJTe6G0C","mark.rossi.06","Current Carry","4sd62NN6GuS6m0BZ3vNSn3","2016-11-17T03:26:35Z",234760,43,0.858,0.777,7,-8.613,0.0909,0.096,0.777,0.0605,0.962,90.66
"160","November/December 2016","2wgiHFvChwdRhBaJTe6G0C","mark.rossi.06","Time Flies By","4rURXGBahIBUd7U627tSpL","2016-11-17T05:10:36Z",194133,25,0.739,0.453,6,-14.295,0.0367,0.671,0.0101,0.107,0.56,132.085
"161","November/December 2016","2wgiHFvChwdRhBaJTe6G0C","mark.rossi.06","Rent Party","0IzlyXWvtdlsfHiJgwr3Jh","2016-11-17T21:25:10Z",238706,35,0.558,0.766,0,-5.728,0.0387,0.0627,0.749,0.131,0.964,89.638
"162","November/December 2016","2wgiHFvChwdRhBaJTe6G0C","mark.rossi.06","So Good to See You","4bpbzN150ZUg3BakHfkcRu","2016-11-18T17:31:47Z",296000,32,0.793,0.671,1,-4.581,0.0412,0.0411,0.801,0.0734,0.806,119.994
"163","November/December 2016","2wgiHFvChwdRhBaJTe6G0C","mark.rossi.06","Everything Is Happening Today","0tHrNKbNzWJ2nXQOszImjQ","2016-11-18T21:10:12Z",240253,34,0.506,0.607,8,-10.671,0.0366,0.499,0.000592,0.106,0.715,155.026
"164","November/December 2016","2wgiHFvChwdRhBaJTe6G0C","mark.rossi.06","The Joke","641hzZTDMukcGRweBA2P8F","2016-11-18T21:27:43Z",192346,29,0.645,0.722,5,-8.868,0.0266,0.0204,0.311,0.179,0.872,140.048
"165","November/December 2016","2wgiHFvChwdRhBaJTe6G0C","mark.rossi.06","Birthplace","5bcbV8sBrWPMFqXXnQQsk1","2016-11-18T23:03:14Z",252053,31,0.544,0.677,8,-10.078,0.0376,0.0827,0.0445,0.131,0.91,179.842
"166","November/December 2016","2wgiHFvChwdRhBaJTe6G0C","mark.rossi.06","Cocoon","39bpQHvHkE0K7UUD2HL9oI","2016-11-20T05:49:56Z",254013,60,0.732,0.708,10,-5.978,0.0324,0.0715,0.000161,0.0824,0.739,114.033
"167","November/December 2016","2wgiHFvChwdRhBaJTe6G0C","mark.rossi.06","309","6cV43RzcqQMmA48Y8heq3A","2016-11-22T00:03:28Z",258364,41,0.652,0.388,5,-12.205,0.0393,0.676,0.000123,0.09,0.521,90.018
"168","November/December 2016","2wgiHFvChwdRhBaJTe6G0C","mark.rossi.06","Truth Lies Low","3Z3dOgxFctCDTfwWL71sY5","2016-11-22T00:22:36Z",328813,44,0.696,0.456,10,-11.315,0.0488,0.708,0.0839,0.0939,0.631,91.115
"169","November/December 2016","2wgiHFvChwdRhBaJTe6G0C","mark.rossi.06","Fairytale","4F0ptEqZa9ZbTu8t4g5FuR","2016-11-22T03:34:51Z",256000,55,0.765,0.811,7,-9.235,0.0309,0.0809,0.188,0.101,0.931,106.028
"170","November/December 2016","2wgiHFvChwdRhBaJTe6G0C","mark.rossi.06","This Fine Social Scene","6nRvSJn5BMSHhrvjoR2lri","2016-11-23T02:00:31Z",272240,33,0.52,0.534,9,-9.647,0.0273,0.0299,0.025,0.103,0.517,170.77
"171","November/December 2016","2wgiHFvChwdRhBaJTe6G0C","mark.rossi.06","waves - Tame Impala Remix","3lB0GMiI5KxDbTOG8V3bOx","2016-11-23T03:23:57Z",253346,65,0.529,0.894,2,-3.599,0.0412,0.308,5.38e-06,0.254,0.53,108.024
"172","November/December 2016","2wgiHFvChwdRhBaJTe6G0C","mark.rossi.06","Furr","6n1zT8W5EaIYvWIT2DyROL","2016-11-23T13:56:55Z",247506,61,0.571,0.518,2,-9.57,0.0523,0.475,0,0.131,0.506,91.725
"173","November/December 2016","2wgiHFvChwdRhBaJTe6G0C","mark.rossi.06","To the Moon and Beyond","7HOcP8cH5XgKgBYiEYKBT3","2016-11-23T14:13:33Z",204099,18,0.484,0.193,9,-13.143,0.0325,0.696,0.789,0.102,0.0711,87.04
"174","November/December 2016","2wgiHFvChwdRhBaJTe6G0C","mark.rossi.06","The Story I Heard","01nW6MdZU2KYjkYovWpjq6","2016-11-23T14:25:07Z",273413,53,0.739,0.443,1,-13.002,0.0266,0.57,0.000895,0.0798,0.504,95.538
"175","November/December 2016","2wgiHFvChwdRhBaJTe6G0C","mark.rossi.06","Under Cover","5w74AmNJ7gXjxRHEbjA5bn","2016-11-23T15:02:15Z",369800,15,0.691,0.753,1,-6.286,0.0288,0.0551,0.663,0.129,0.853,115.007
"176","November/December 2016","2wgiHFvChwdRhBaJTe6G0C","mark.rossi.06","Thoughts Of Mary Jane","0KKBcAuDDo0Cbm6pWJOOe4","2016-11-26T02:53:39Z",218786,18,0.643,0.297,2,-15.676,0.0322,0.832,0.063,0.165,0.683,114.101
"177","November/December 2016","2wgiHFvChwdRhBaJTe6G0C","mark.rossi.06","Three Hours - Alternate Version","4NmSSdm6mKCegjAQg8lrY4","2016-11-26T03:04:07Z",311746,16,0.744,0.228,7,-16.269,0.0516,0.918,0.509,0.115,0.33,119.504
"178","November/December 2016","2wgiHFvChwdRhBaJTe6G0C","mark.rossi.06","You're Too Weird","33ezCcBwVw2SsAvOsFyJSG","2016-11-26T06:17:22Z",226120,47,0.682,0.837,7,-7.902,0.0374,0.0421,0.313,0.322,0.898,79.598
"179","November/December 2016","2wgiHFvChwdRhBaJTe6G0C","mark.rossi.06","The Desert Babbler","1X0mseEKRtcotfixQOCNR3","2016-11-26T06:21:38Z",207160,51,0.51,0.631,6,-8.921,0.0371,0.228,0.00794,0.338,0.618,88.832
"180","November/December 2016","2wgiHFvChwdRhBaJTe6G0C","mark.rossi.06","Heartbeats","11X4Gw3T4hoktVruLgTnm1","2016-11-26T22:49:05Z",160240,69,0.552,0.15,3,-16.746,0.0347,0.974,0.731,0.0698,0.311,87.485
"181","November/December 2016","2wgiHFvChwdRhBaJTe6G0C","mark.rossi.06","Union Blanket","0pyHTWGz4tWKIT0QaSeS6L","2016-11-26T23:55:28Z",319173,27,0.65,0.579,4,-7.406,0.0267,0.755,0.339,0.113,0.391,80.511
"182","November/December 2016","2wgiHFvChwdRhBaJTe6G0C","mark.rossi.06","Lazy Eye","04foRWB6k5hFJRTRIuVE5h","2016-11-27T00:05:07Z",330360,24,0.543,0.0958,0,-12.668,0.0385,0.907,0.0284,0.0998,0.0595,79.794
"183","November/December 2016","2wgiHFvChwdRhBaJTe6G0C","mark.rossi.06","Slipping Through The Sensors","291cjLkylWKGiaOtXCxdph","2016-11-27T01:07:47Z",292520,32,0.584,0.457,0,-9.43,0.0262,0.215,0.501,0.185,0.348,123.164
"184","November/December 2016","2wgiHFvChwdRhBaJTe6G0C","mark.rossi.06","Shadow People","209g8XrYu3ov4Wt4bRk2Yw","2016-11-27T01:25:13Z",253093,48,0.434,0.707,7,-5.472,0.0399,0.119,0,0.0997,0.475,176.612
"185","November/December 2016","2wgiHFvChwdRhBaJTe6G0C","mark.rossi.06","v","1xJKjdhcicfxFgctB7ijS8","2016-11-27T17:16:43Z",148279,44,0.662,0.532,5,-7.111,0.0633,0.387,0.72,0.0496,0.434,99.8
"186","November/December 2016","2wgiHFvChwdRhBaJTe6G0C","mark.rossi.06","Brothers","4sENG1e04yCPlmIhT1CL9b","2016-11-27T18:55:45Z",248346,34,0.714,0.616,4,-7.309,0.0361,0.0103,0.301,0.367,0.433,130.013
"187","November/December 2016","2wgiHFvChwdRhBaJTe6G0C","mark.rossi.06","Flow","6ZlolHAQKomJuKg4n5qOAP","2016-11-27T19:07:58Z",463520,50,0.44,0.63,7,-8.319,0.0512,0.241,7.95e-05,0.137,0.0394,125.557
"188","November/December 2016","2wgiHFvChwdRhBaJTe6G0C","mark.rossi.06","Chinese Translation","7IJlk42gDKt5dfSSLwtEsp","2016-11-27T19:41:00Z",238600,53,0.555,0.726,2,-8.939,0.0368,0.152,0.000178,0.148,0.518,107.719
"189","November/December 2016","2wgiHFvChwdRhBaJTe6G0C","mark.rossi.06","The Keys","6ikh8e4YxgOlb11LWUaBp4","2016-11-28T15:51:32Z",217066,49,0.782,0.478,0,-11.132,0.0671,0.511,0.0117,0.131,0.707,94.997
"190","November/December 2016","2wgiHFvChwdRhBaJTe6G0C","mark.rossi.06","Cocaine","4kr3l1fAE5gkjxkbE7WU65","2016-11-28T16:30:57Z",185136,48,0.655,0.899,11,-4.869,0.0476,0.0202,0.186,0.394,0.824,101.503
"191","November/December 2016","2wgiHFvChwdRhBaJTe6G0C","mark.rossi.06","Wings","67ChP2tyLa1NABp3fifvBc","2016-12-03T21:33:51Z",246527,46,0.652,0.828,8,-4.869,0.0955,0.489,0,0.11,0.269,112.521
"192","November/December 2016","2wgiHFvChwdRhBaJTe6G0C","mark.rossi.06","Seminole","2EE4pMWgbed1cQgLP8t2H1","2016-12-07T00:14:41Z",256530,41,0.755,0.532,4,-8.061,0.126,0.458,0.000504,0.0759,0.561,97.998
"193","November/December 2016","2wgiHFvChwdRhBaJTe6G0C","mark.rossi.06","Trippin'","4czsCxylJvXHIuuea01Vka","2016-12-07T00:26:15Z",348518,35,0.717,0.816,0,-9.327,0.0345,0.26,0.938,0.0888,0.656,99.954
"194","November/December 2016","2wgiHFvChwdRhBaJTe6G0C","mark.rossi.06","Trying To Reach You","5oJ4KgYPvIxNwHJcHOQrtS","2016-12-07T00:29:27Z",223666,44,0.75,0.613,0,-7.622,0.0471,0.439,0.00189,0.0867,0.558,101.984
"195","November/December 2016","2wgiHFvChwdRhBaJTe6G0C","mark.rossi.06","We Were Freaks","2LJzg97NolpPDNl56g7Nfd","2016-12-08T02:19:40Z",232854,33,0.516,0.644,11,-9.028,0.0413,0.00787,0.000142,0.452,0.307,134.035
"196","November/December 2016","2wgiHFvChwdRhBaJTe6G0C","mark.rossi.06","Magnet","2bHrYYQMxw1Is8NrsutriR","2016-12-08T02:39:18Z",192071,36,0.646,0.407,11,-10.637,0.0271,0.0991,0.0554,0.112,0.504,92.027
"197","November/December 2016","2wgiHFvChwdRhBaJTe6G0C","mark.rossi.06","Comeback Story","0vsuDbZZ7llAd299f0xxc3","2016-12-08T23:33:37Z",239053,59,0.464,0.738,9,-7.304,0.0413,0.0262,0.00202,0.143,0.375,119.764
"198","November/December 2016","2wgiHFvChwdRhBaJTe6G0C","mark.rossi.06","Neighbors","0utlOiJy2weVl9WTkcEWHy","2016-12-09T21:38:07Z",216520,80,0.894,0.284,11,-13.002,0.33,0.358,0.000487,0.11,0.413,138.944
"199","November/December 2016","2wgiHFvChwdRhBaJTe6G0C","mark.rossi.06","Foldin Clothes","77IAeEz8LEchPN8UNjaTJ2","2016-12-09T21:41:42Z",316920,70,0.713,0.496,7,-10.045,0.311,0.218,0.000237,0.0761,0.607,162.039
"200","November/December 2016","2wgiHFvChwdRhBaJTe6G0C","mark.rossi.06","D.R.U.G.S.","09avKKLKXaJcbeaGTmLCOs","2016-12-09T22:50:29Z",356832,61,0.715,0.447,10,-10.523,0.166,0.216,0.00107,0.249,0.426,131.99
"201","November/December 2016","2wgiHFvChwdRhBaJTe6G0C","mark.rossi.06","Vanilla Sky","2t7oPnEGqCK6T3sNesU6II","2016-12-10T02:05:27Z",321000,46,0.487,0.786,9,-6.023,0.0884,0.0518,3.54e-06,0.534,0.35,139.851
"202","November/December 2016","2wgiHFvChwdRhBaJTe6G0C","mark.rossi.06","Lightweight","3dS8rAzJDPF2Eequ6xtiqy","2016-12-10T16:29:08Z",207775,34,0.744,0.625,11,-6.353,0.0287,0.0276,0.0502,0.201,0.719,102.891
"203","November/December 2016","2wgiHFvChwdRhBaJTe6G0C","mark.rossi.06","El Aguafiesta","14CMVglpL5PFp4ynHKHcHI","2016-12-13T01:23:57Z",369573,10,0.766,0.898,9,-9.765,0.0571,0.0585,0.809,0.551,0.848,120.039
"204","November/December 2016","2wgiHFvChwdRhBaJTe6G0C","mark.rossi.06","Drive by Fires","7AC8RI4nLMhLdgnpwmafgU","2016-12-13T14:38:03Z",268348,35,0.536,0.319,9,-10.189,0.0631,0.9,8.2e-05,0.104,0.3,180.111
"205","November/December 2016","2wgiHFvChwdRhBaJTe6G0C","mark.rossi.06","All Things You Are","5fIHAoQdqOUruJJHAswxQ5","2016-12-13T23:47:18Z",250293,25,0.252,0.308,4,-12.379,0.0315,0.869,7e-04,0.141,0.542,187.672
"206","November/December 2016","2wgiHFvChwdRhBaJTe6G0C","mark.rossi.06","Mind State","12wo5GXCjkuENOBwtcS1td","2016-12-14T20:53:37Z",151130,23,0.481,0.747,7,-11.94,0.504,0.00605,0.0075,0.433,0.414,92.444
"207","November/December 2016","2wgiHFvChwdRhBaJTe6G0C","mark.rossi.06","Invest","1eUgL4M7FY274UVIwojVJL","2016-12-19T23:54:56Z",270706,43,0.612,0.673,0,-11.483,0.0423,0.369,0.0782,0.107,0.246,79.009
"208","November/December 2016","2wgiHFvChwdRhBaJTe6G0C","mark.rossi.06","Cold Lips","7HQZtgwjtoyT3q9c8BjMHY","2016-12-20T00:44:46Z",217826,36,0.541,0.886,7,-4.655,0.0335,0.00459,0.15,0.291,0.493,112.292
"209","November/December 2016","2wgiHFvChwdRhBaJTe6G0C","mark.rossi.06","In the Darkness","11ufUsNbzOBxs3FIjNBLzC","2016-12-20T12:20:57Z",121013,0,0.361,0.87,9,-6.019,0.0417,0.304,0.0119,0.111,0.452,173.24
"210","November/December 2016","2wgiHFvChwdRhBaJTe6G0C","mark.rossi.06","Post-War","099SPQGafjikayzj2B7G15","2016-12-21T00:42:24Z",295360,36,0.612,0.0947,2,-19.335,0.0645,0.919,0.852,0.104,0.353,139.224
"211","November/December 2016","2wgiHFvChwdRhBaJTe6G0C","mark.rossi.06","Afterword / Rag","1wBGyOEmIhPm9RDEVTRo0T","2016-12-21T01:08:57Z",212000,23,0.441,0.121,7,-16.062,0.0402,0.772,0.116,0.112,0.0813,81.195
"212","November/December 2016","2wgiHFvChwdRhBaJTe6G0C","mark.rossi.06","All the Debts I Owe","48rmnaJv3rAzxQhxHwtfuT","2016-12-21T04:35:41Z",193048,41,0.483,0.486,0,-11.062,0.0434,0.753,0.00479,0.134,0.451,92.048
"213","November/December 2016","2wgiHFvChwdRhBaJTe6G0C","mark.rossi.06","Iffy","5c1wNhfGqcC9UYWHI62FFM","2016-12-21T13:14:59Z",236348,38,0.425,0.294,10,-10.754,0.0498,0.793,8.43e-06,0.367,0.304,186.027
"214","November/December 2016","2wgiHFvChwdRhBaJTe6G0C","mark.rossi.06","See the World","1UTu5hJ9DwzdkVoQAgbxJF","2016-12-21T13:15:03Z",138451,41,0.423,0.532,1,-10.343,0.0296,0.411,0.145,0.083,0.384,133.919
"215","November/December 2016","2wgiHFvChwdRhBaJTe6G0C","mark.rossi.06","Giuseppe","62r1BayY2eEAZe2lzRqXMQ","2016-12-22T15:57:28Z",195345,34,0.747,0.411,11,-10.612,0.109,0.519,0.000717,0.117,0.531,72.519
"216","November/December 2016","2wgiHFvChwdRhBaJTe6G0C","mark.rossi.06","Pigeon","3KCbn3qhK6oS8iM1kU7gim","2016-12-22T16:17:58Z",173160,46,0.829,0.498,7,-7.861,0.0558,0.603,2.8e-05,0.144,0.853,127.901
"217","November/December 2016","2wgiHFvChwdRhBaJTe6G0C","mark.rossi.06","Dancing In The Rain","4J2oHrKiXNXsNq2AgpLVsu","2016-12-22T16:29:55Z",265826,49,0.569,0.74,0,-6.235,0.283,0.251,2.68e-06,0.134,0.709,180.559
"218","November/December 2016","2wgiHFvChwdRhBaJTe6G0C","mark.rossi.06","Dead Flowers","7uCoKegmNgFSSlbs8f4XpG","2016-12-22T16:47:34Z",233887,23,0.571,0.819,8,-10.093,0.0417,0.00448,0.929,0.131,0.169,115.041
"219","November/December 2016","2wgiHFvChwdRhBaJTe6G0C","mark.rossi.06","Funk FWD - The Russ Liquid Test","7mWsym3n7JSheUWojxXNWJ","2016-12-23T01:49:06Z",295729,26,0.636,0.971,5,-4.986,0.0832,0.0152,0.14,0.0542,0.876,98.019
"220","November/December 2016","2wgiHFvChwdRhBaJTe6G0C","mark.rossi.06","The Bend","1kQDM4PEQsFYRvXmVUyUBV","2016-12-23T02:09:37Z",312146,0,0.541,0.684,9,-8.825,0.0296,0.0722,0.632,0.0988,0.559,128.568
"221","November/December 2016","2wgiHFvChwdRhBaJTe6G0C","mark.rossi.06","Primitive","011ov0lzWtRkCD9TRnILOD","2016-12-23T02:19:01Z",256973,0,0.525,0.716,9,-8.826,0.0279,0.212,0.443,0.0641,0.589,132.746
"222","November/December 2016","2wgiHFvChwdRhBaJTe6G0C","mark.rossi.06","How Might I Live","1fcdixonDXZcHkWYpyPy2B","2016-12-23T02:22:38Z",149040,0,0.62,0.542,7,-9.032,0.0275,0.668,0.752,0.114,0.386,107.695
"223","November/December 2016","2wgiHFvChwdRhBaJTe6G0C","mark.rossi.06","Old Pine","3CAX47TnPqTujLIQTw8nwI","2016-12-23T02:34:56Z",328506,67,0.413,0.359,5,-10.843,0.0321,0.472,0.116,0.17,0.219,129.664
"224","November/December 2016","2wgiHFvChwdRhBaJTe6G0C","mark.rossi.06","Everything","56bOdng7r1xmkX3aIbqal9","2016-12-23T02:49:37Z",285506,47,0.521,0.258,3,-16.264,0.0463,0.73,0.00231,0.0506,0.383,141.95
"225","November/December 2016","2wgiHFvChwdRhBaJTe6G0C","mark.rossi.06","Going to California","5mja4T6Dn4PTMpve8NZvdr","2016-12-26T18:19:20Z",321691,43,0.559,0.542,2,-9.537,0.0286,0.152,0.126,0.124,0.332,81.996
"226","November/December 2016","2wgiHFvChwdRhBaJTe6G0C","mark.rossi.06","Kaleidoscope Eyes - Audiotree Live Version","3QX0Zr8ymgWvfM1Dj4SCF8","2016-12-26T18:19:32Z",254539,33,0.554,0.598,3,-12.024,0.0317,0.617,0.611,0.196,0.5,86.718
"227","November/December 2016","2wgiHFvChwdRhBaJTe6G0C","mark.rossi.06","What's Around You","0HGp8ZMGsmiE1GDjACyytx","2016-12-26T22:57:27Z",207920,38,0.378,0.26,2,-15.357,0.0724,0.845,0.00108,0.308,0.286,191.722
"228","November/December 2016","2wgiHFvChwdRhBaJTe6G0C","mark.rossi.06","Lauren","7vptmeNwSEVkcwDdqk7UQO","2016-12-27T18:26:21Z",218210,48,0.762,0.503,9,-9.397,0.0308,0.777,0.17,0.115,0.555,96.999
"229","November/December 2016","2wgiHFvChwdRhBaJTe6G0C","mark.rossi.06","Break Apart","4UmuBF2XzW3EkO0rfrnYNO","2016-12-28T20:43:14Z",274693,67,0.648,0.458,5,-15.169,0.0311,0.864,0.0944,0.366,0.0875,119.96
"230","November/December 2016","2wgiHFvChwdRhBaJTe6G0C","mark.rossi.06","Just A Warm Feeling","1gkn75D1KLuDyvtet9UQRo","2016-12-29T02:18:24Z",343213,0,0.716,0.483,0,-10.353,0.0278,0.131,0.78,0.0434,0.59,90.008
"231","November/December 2016","2wgiHFvChwdRhBaJTe6G0C","mark.rossi.06","Esperando La Lluvia (Waiting For Rain)","3mACDrp6sBkp19nId6625k","2016-12-29T02:31:34Z",455000,0,0.722,0.489,9,-9.592,0.0684,0.283,0.863,0.0403,0.828,177.988
"232","November/December 2016","2wgiHFvChwdRhBaJTe6G0C","mark.rossi.06","High And Dry","5jafMI8FLibnjkYTZ33m0c","2016-12-29T03:34:29Z",257480,70,0.418,0.383,4,-11.782,0.0257,0.0718,0.0177,0.0896,0.36,87.773
"233","November/December 2016","2wgiHFvChwdRhBaJTe6G0C","mark.rossi.06","Kong/Ketto - Live","0PHSbSNolQJPl0NWpiDb3U","2016-12-30T21:19:06Z",488144,44,0.432,0.81,7,-7.737,0.0308,0.23,0.438,0.717,0.278,99.705
"234","September/October 2016","5AeoStoLmNZcvm77c66PPj","mark.rossi.06","Inside Out - Tycho Remix","28Q5hNuXYYOVNEAorGFOiY","2016-09-01T15:46:12Z",319959,47,0.654,0.804,0,-7.053,0.0326,0.0815,0.53,0.205,0.259,107.009
"235","September/October 2016","5AeoStoLmNZcvm77c66PPj","mark.rossi.06","I'm So Confused","0OeZjetwyygdOQs75U7Iqn","2016-09-01T20:26:39Z",239134,39,0.692,0.634,9,-8.19,0.0327,0.0724,0.559,0.169,0.311,104.016
"236","September/October 2016","5AeoStoLmNZcvm77c66PPj","mark.rossi.06","Follow","2uROM73VxtppgLSE2k27nf","2016-09-01T22:38:28Z",225341,53,0.785,0.367,4,-8.483,0.0363,0.113,0.0633,0.0902,0.465,90.003
"237","September/October 2016","5AeoStoLmNZcvm77c66PPj","mark.rossi.06","Fool's Gold","5sYU8Dg4VNKfAG62uK7SN8","2016-09-01T23:12:51Z",194013,36,0.427,0.179,4,-14.979,0.031,0.888,0.00502,0.115,0.132,81.793
"238","September/October 2016","5AeoStoLmNZcvm77c66PPj","mark.rossi.06","Free","1yqiPgdyzawcROgGQLvIYj","2016-09-01T23:30:51Z",298073,39,0.656,0.7,6,-5.595,0.0422,0.0104,0.00163,0.341,0.805,126.038
"239","September/October 2016","5AeoStoLmNZcvm77c66PPj","mark.rossi.06","This Man","6hkK87dAKMH7X7oo60WtC4","2016-09-01T23:39:46Z",340952,20,0.414,0.72,11,-6.149,0.0561,0.0215,0.0948,0.337,0.482,135.67
"240","September/October 2016","5AeoStoLmNZcvm77c66PPj","mark.rossi.06","Lay Me Down","58pDCRNVYEZDcqJpoLoPKr","2016-09-02T00:21:12Z",248849,16,0.599,0.643,4,-7.318,0.0365,0.00124,0.757,0.188,0.483,118.995
"241","September/October 2016","5AeoStoLmNZcvm77c66PPj","mark.rossi.06","All Or Nothing","6eAvbCJnRKJmGZOFUqawke","2016-09-02T15:49:37Z",260519,49,0.699,0.515,1,-8.251,0.0956,0.261,0.46,0.0963,0.387,142.95
"242","September/October 2016","5AeoStoLmNZcvm77c66PPj","mark.rossi.06","America","6dfhF1BDGmhM69fnCb6wSC","2016-09-05T21:03:56Z",215293,59,0.259,0.241,2,-15.955,0.042,0.554,6.62e-06,0.0849,0.295,178.453
"243","September/October 2016","5AeoStoLmNZcvm77c66PPj","mark.rossi.06","Rockin' Robin","0QsQJRQKLhsWXeBclhZdDA","2016-09-05T21:04:16Z",150760,16,0.505,0.737,7,-7.411,0.133,0.0793,0,0.279,0.943,172.242
"244","September/October 2016","5AeoStoLmNZcvm77c66PPj","mark.rossi.06","By My Side","0JqYQhHDjiOEmwqc67BOvn","2016-09-06T18:43:11Z",248520,22,0.547,0.86,1,-5.635,0.0819,0.0194,0.002,0.0985,0.636,110.836
"245","September/October 2016","5AeoStoLmNZcvm77c66PPj","mark.rossi.06","Grace","10dS8w8uQSKGVDezQXoUpX","2016-09-07T21:16:09Z",419792,1,0.842,0.421,10,-11.119,0.063,0.0246,0.342,0.105,0.117,116.006
"246","September/October 2016","5AeoStoLmNZcvm77c66PPj","mark.rossi.06","Tomorrow","47KDDZgFiX1w6RFOuLXsSn","2016-09-09T23:39:00Z",240586,66,0.564,0.354,7,-10.85,0.0334,0.73,3.43e-06,0.208,0.421,98.075
"247","September/October 2016","5AeoStoLmNZcvm77c66PPj","mark.rossi.06","Ascension (Don't Ever Wonder)","6l4TNbfPtNAOOlGIfceSaO","2016-09-10T22:42:17Z",346133,64,0.753,0.471,0,-10.48,0.0317,0.0805,0.0299,0.131,0.769,96.038
"248","September/October 2016","5AeoStoLmNZcvm77c66PPj","mark.rossi.06","The Chat","6EV7G6eKaZbqVb977pjde1","2016-09-12T13:24:54Z",160366,38,0.354,0.574,1,-8.373,0.0435,0.502,0.00633,0.122,0.424,136.714
"249","September/October 2016","5AeoStoLmNZcvm77c66PPj","mark.rossi.06","On Point","55Mdgaa4Cp54Pbwg2emKJ2","2016-09-12T18:43:22Z",202079,38,0.755,0.654,7,-8.373,0.2,0.154,0,0.0619,0.624,98.001
"250","September/October 2016","5AeoStoLmNZcvm77c66PPj","mark.rossi.06","The Perils","6rg0BxlIWC0fpSFCqDq02e","2016-09-12T18:57:45Z",230316,32,0.813,0.545,5,-12.493,0.339,0.144,0.00308,0.122,0.685,174.003
"251","September/October 2016","5AeoStoLmNZcvm77c66PPj","mark.rossi.06","Wasting Time","6xANFc4ajkfCOCivvrtD7U","2016-09-12T19:11:35Z",318814,50,0.543,0.453,7,-10.894,0.132,0.472,0.000131,0.111,0.142,81.689
"252","September/October 2016","5AeoStoLmNZcvm77c66PPj","mark.rossi.06","Smoke It If You Got One","3f6ZivZZIdDLlWvLHXQiRs","2016-09-12T19:57:02Z",298736,44,0.78,0.244,1,-12.322,0.0674,0.606,0.882,0.124,0.0614,89.984
"253","September/October 2016","5AeoStoLmNZcvm77c66PPj","mark.rossi.06","88.1","0BTsc6W83oHVuzaaxlXqY8","2016-09-12T20:52:39Z",278256,22,0.602,0.426,3,-9.837,0.0559,0.0042,0.74,0.0929,0.0808,176.059
"254","September/October 2016","5AeoStoLmNZcvm77c66PPj","mark.rossi.06","DragonFly (feat. Coyle Girelli)","49iNmEho4raSFPfEh1vSax","2016-09-13T21:06:16Z",203650,32,0.55,0.673,3,-6.49,0.0366,0.447,0.714,0.585,0.59,142.034
"255","September/October 2016","5AeoStoLmNZcvm77c66PPj","mark.rossi.06","Celebrate","1zlclNkERGFrCxznXOgkD3","2016-09-14T23:21:25Z",226186,57,0.703,0.759,0,-6.554,0.149,0.0484,0.0031,0.664,0.852,94.009
"256","September/October 2016","5AeoStoLmNZcvm77c66PPj","mark.rossi.06","All In A Day's Work (feat. brandUn DeShay)","5v4qhopi6FcjKDrmjGmsAs","2016-09-15T23:27:46Z",150797,3,0.774,0.544,0,-8.321,0.26,0.219,0,0.0795,0.458,77.958
"257","September/October 2016","5AeoStoLmNZcvm77c66PPj","mark.rossi.06","Wings","67ChP2tyLa1NABp3fifvBc","2016-09-15T23:42:14Z",246527,46,0.652,0.828,8,-4.869,0.0955,0.489,0,0.11,0.269,112.521
"258","September/October 2016","5AeoStoLmNZcvm77c66PPj","mark.rossi.06","Dear Brother","3siesQziecdQ5vwnoDUHZ5","2016-09-16T19:16:53Z",291026,8,0.478,0.828,6,-5.208,0.0619,0.144,0.00819,0.347,0.0813,82.92
"259","September/October 2016","5AeoStoLmNZcvm77c66PPj","mark.rossi.06","Everyone's Got...","2YT27DEkMs2s3Xf6VUZ5xH","2016-09-18T00:52:13Z",242640,25,0.566,0.504,6,-9.579,0.0338,0.532,0.862,0.0943,0.139,91.021
"260","September/October 2016","5AeoStoLmNZcvm77c66PPj","mark.rossi.06","Too Long","1L4Z8kNigTmYOg7f7o8wVX","2016-09-18T00:57:58Z",244213,24,0.48,0.527,5,-7.909,0.0443,0.115,3.62e-06,0.13,0.258,74.335
"261","September/October 2016","5AeoStoLmNZcvm77c66PPj","mark.rossi.06","Cold Stares (feat. Chance The Rapper & Maceo Haymes)","4YFQvzh4KO7Fom7PLsYbEc","2016-09-19T14:31:11Z",172986,51,0.499,0.305,9,-12.496,0.115,0.474,0.0356,0.16,0.215,98.18
"262","September/October 2016","5AeoStoLmNZcvm77c66PPj","mark.rossi.06","Brokedown","2m5qiGJDdDwfb4g15666S3","2016-09-23T15:19:13Z",367133,42,0.435,0.885,5,-6.569,0.154,0.0592,3.09e-06,0.0629,0.893,95.106
"263","September/October 2016","5AeoStoLmNZcvm77c66PPj","mark.rossi.06","Jolie","0Ys2zwCiY1wWmcUqv9jfdO","2016-09-23T16:10:25Z",229080,19,0.708,0.575,5,-8.201,0.0358,0.344,2.08e-06,0.363,0.671,94.469
"264","September/October 2016","5AeoStoLmNZcvm77c66PPj","mark.rossi.06","Crazy Girls","78VX1YygxZMqYPGEwMIxBG","2016-09-23T16:18:27Z",237546,32,0.689,0.63,10,-6.91,0.0749,0.184,0,0.463,0.917,113.682
"265","September/October 2016","5AeoStoLmNZcvm77c66PPj","mark.rossi.06","Feelin' Fine","4WW8QNmc12drzcxlwgBJhM","2016-09-29T14:54:19Z",264774,3,0.661,0.812,2,-6.124,0.0476,0.0022,0.111,0.525,0.63,98.008
"266","September/October 2016","5AeoStoLmNZcvm77c66PPj","mark.rossi.06","What We've Become","6wSU58v1ZIor1wR6hzfm7w","2016-09-29T14:54:26Z",252160,5,0.679,0.912,2,-3.92,0.0376,0.062,0.252,0.168,0.707,119.967
"267","September/October 2016","5AeoStoLmNZcvm77c66PPj","mark.rossi.06","If There Ever Comes a Day","5hMv80OlrXCqyyY9CWHvlQ","2016-09-29T15:21:06Z",203651,4,0.608,0.626,6,-6.46,0.0354,0.0229,0.0158,0.103,0.163,78.001
"268","September/October 2016","5AeoStoLmNZcvm77c66PPj","mark.rossi.06","Dark Days","7LZN7FkxHZk6maiN6NdI2i","2016-10-01T03:35:37Z",180413,69,0.596,0.655,9,-7.102,0.027,0.0916,0.00107,0.128,0.61,114.97
"269","September/October 2016","5AeoStoLmNZcvm77c66PPj","mark.rossi.06","Love Star","4GpN90uwUMJ9T3ynQHPIFF","2016-10-01T03:37:21Z",309413,8,0.653,0.577,0,-7.121,0.14,0.096,1.34e-05,0.233,0.553,91.029
"270","September/October 2016","5AeoStoLmNZcvm77c66PPj","mark.rossi.06","True Blue","0Rk02wkJnsXj6L5UnzWUBX","2016-10-01T03:49:45Z",215275,36,0.782,0.531,7,-6.871,0.0419,0.503,0.00307,0.208,0.409,119.9
"271","September/October 2016","5AeoStoLmNZcvm77c66PPj","mark.rossi.06","Not Tonight","2ra0O7GmPbbAAhjXUjS7k4","2016-10-01T03:54:36Z",233739,7,0.635,0.745,0,-6.403,0.146,0.0221,0,0.121,0.626,114.864
"272","September/October 2016","5AeoStoLmNZcvm77c66PPj","mark.rossi.06","At Last I Am Free","6GUNlF26Xuci16Toifa8uS","2016-10-01T14:21:34Z",321000,28,0.6,0.871,5,-5.449,0.0302,0.00158,0.0612,0.337,0.745,110.004
"273","September/October 2016","5AeoStoLmNZcvm77c66PPj","mark.rossi.06","Say You Want Me (feat. Cailin Russo)","3360mf35g8vC0UQnYUaE2j","2016-10-04T16:31:50Z",241853,47,0.498,0.478,2,-10.881,0.13,0.324,0,0.104,0.433,147.906
"274","September/October 2016","5AeoStoLmNZcvm77c66PPj","mark.rossi.06","Stranger / Lover (Mura Masa Remix)","0vmNfuYApGHretlQvRyPrj","2016-10-04T20:01:46Z",261397,47,0.514,0.374,5,-9.442,0.0545,0.0817,0.0236,0.288,0.187,180.004
"275","September/October 2016","5AeoStoLmNZcvm77c66PPj","mark.rossi.06","Gold Chains","69tN4QhASQ9DomAC2VxxIk","2016-10-06T00:24:20Z",242000,30,0.514,0.633,0,-7.143,0.0336,0.0188,0.283,0.607,0.41,120.029
"276","September/October 2016","5AeoStoLmNZcvm77c66PPj","mark.rossi.06","I'll Take You - Jenaux Remix","38fVWDgSEXbjzouDJA9zlm","2016-10-06T12:16:47Z",213857,42,0.723,0.874,9,-2.219,0.031,0.134,0.00348,0.084,0.513,105.006
"277","September/October 2016","5AeoStoLmNZcvm77c66PPj","mark.rossi.06","Hold On","0h5Ksh0y3czpovebciVeJZ","2016-10-07T05:26:49Z",275000,24,0.685,0.637,9,-7.937,0.0466,0.0559,0.00293,0.42,0.458,96.048
"278","September/October 2016","5AeoStoLmNZcvm77c66PPj","mark.rossi.06","Murder","649AcCNd2zZnO62nBczowy","2016-10-10T22:51:51Z",275203,43,0.619,0.256,8,-16.575,0.0605,0.0946,0.369,0.0896,0.174,160.109
"279","September/October 2016","5AeoStoLmNZcvm77c66PPj","mark.rossi.06","Angel","10DlZMvUW3WO76bQTmc7Pm","2016-10-10T23:25:28Z",301788,38,0.512,0.206,7,-20.203,0.0884,0.0159,0.000813,0.0891,0.15,157.968
"280","September/October 2016","5AeoStoLmNZcvm77c66PPj","mark.rossi.06","Epoch","5EeNRe6Fi29tTrssVzl4dw","2016-10-12T20:27:45Z",345387,62,0.559,0.743,1,-9.447,0.0532,0.0711,0.9,0.152,0.279,119.981
"281","September/October 2016","5AeoStoLmNZcvm77c66PPj","mark.rossi.06","Source","1Z5GCYgzsBxb9VUUVQRG2E","2016-10-12T20:27:49Z",258510,50,0.689,0.642,4,-11.697,0.045,0.292,0.87,0.173,0.174,136.977
"282","September/October 2016","5AeoStoLmNZcvm77c66PPj","mark.rossi.06","Soul Food","6XHH4Tg2k8cCGU935P2Ypb","2016-10-12T21:09:28Z",263448,35,0.663,0.787,0,-6.537,0.0659,0.000117,0.659,0.375,0.287,133.34
"283","September/October 2016","5AeoStoLmNZcvm77c66PPj","mark.rossi.06","Shapeshifter Blues","3pECLqsnl9SjERipkPTSbB","2016-10-12T21:45:28Z",402272,35,0.488,0.816,10,-8.3,0.104,0.438,0.854,0.108,0.429,176.07
"284","September/October 2016","5AeoStoLmNZcvm77c66PPj","mark.rossi.06","Abacus","5hNaYTLldQ0CQpJ1ynwGwA","2016-10-12T22:00:38Z",175304,32,0.68,0.638,4,-15.528,0.0659,0.27,0.835,0.132,0.148,114.992
"285","September/October 2016","5AeoStoLmNZcvm77c66PPj","mark.rossi.06","Breathing Light","7kZ2MSIfvzmsmzQkElfe5Q","2016-10-12T22:18:56Z",236864,28,0.566,0.554,2,-11.839,0.0339,0.0966,0.823,0.102,0.0702,110
"286","September/October 2016","5AeoStoLmNZcvm77c66PPj","mark.rossi.06","Honey","5Z35oI2Mdqjb1IZBWZn3J4","2016-10-12T22:19:06Z",133956,40,0.888,0.926,7,-4.07,0.0399,0.427,2.84e-05,0.155,0.923,119.963
"287","September/October 2016","5AeoStoLmNZcvm77c66PPj","mark.rossi.06","III. Follow","16btS4PECrq80ZqbRhiK0a","2016-10-12T22:19:10Z",234647,42,0.701,0.376,8,-8.009,0.0503,0.18,0.0908,0.0643,0.522,201.943
"288","September/October 2016","5AeoStoLmNZcvm77c66PPj","mark.rossi.06","Youth","1LPGwuFgIzbJoShfDdw7MY","2016-10-14T00:44:37Z",230693,67,0.647,0.729,9,-7.789,0.0304,0.112,0.0036,0.109,0.77,96.015
"289","September/October 2016","5AeoStoLmNZcvm77c66PPj","mark.rossi.06","Season 2 Episode 3","4vcoNCrTtunmJ9q8srpVly","2016-10-14T00:49:21Z",243509,65,0.737,0.282,5,-7.911,0.107,0.537,3.93e-05,0.233,0.684,148.001
"290","September/October 2016","5AeoStoLmNZcvm77c66PPj","mark.rossi.06","The Other Side Of Paradise","0rRjGruFonCGOt0S5zAJNQ","2016-10-14T01:08:55Z",320654,65,0.683,0.342,11,-7.531,0.0613,0.344,7.64e-05,0.0651,0.626,128.029
"291","September/October 2016","5AeoStoLmNZcvm77c66PPj","mark.rossi.06","Agnes","6prvUr8l3t7x5GY7heQb5w","2016-10-14T01:20:01Z",271672,61,0.552,0.523,1,-8.9,0.0245,0.0142,0.0192,0.113,0.216,164.982
"292","September/October 2016","5AeoStoLmNZcvm77c66PPj","mark.rossi.06","Adderall","4Xx0J00u90QvnG3rwz4Itp","2016-10-14T17:23:31Z",218025,57,0.681,0.891,6,-4.28,0.0408,0.000672,1.07e-06,0.0631,0.536,100.008
"293","September/October 2016","5AeoStoLmNZcvm77c66PPj","mark.rossi.06","1000x - Noah Breakfast Remix","7qFOLmPaMNV4glHFTLlLL0","2016-10-14T17:28:27Z",198800,25,0.787,0.736,6,-5.636,0.0625,0.166,0.101,0.0774,0.564,118.544
"294","September/October 2016","5AeoStoLmNZcvm77c66PPj","mark.rossi.06","Hercules","6T2Yyn7d2vZlA09FIBERy1","2016-10-15T00:48:42Z",186174,26,0.449,0.807,7,-8.981,0.0431,0.287,0.0348,0.137,0.77,101.671
"295","September/October 2016","5AeoStoLmNZcvm77c66PPj","mark.rossi.06","Loser Blues","6BY023R5SdMQ02NTjOsP9p","2016-10-16T15:54:23Z",250406,29,0.591,0.325,0,-10.574,0.0363,0.436,0.0294,0.2,0.157,62.006
"296","September/October 2016","5AeoStoLmNZcvm77c66PPj","mark.rossi.06","There's a Riot Going On","6TBqSsuQ2UfGdCAERuOGpG","2016-10-16T19:27:22Z",234306,28,0.582,0.938,11,-5.192,0.143,0.253,9.85e-05,0.0661,0.822,96.013
"297","September/October 2016","5AeoStoLmNZcvm77c66PPj","mark.rossi.06","Say You Love Me","6qzM8gVbLrUE5KiuaKu8Xg","2016-10-16T19:27:30Z",262280,27,0.704,0.428,9,-8.319,0.0425,0.572,5.29e-05,0.137,0.761,89.898
"298","September/October 2016","5AeoStoLmNZcvm77c66PPj","mark.rossi.06","It's The Chemicals","1jAQNmO34oMOB7vns0ojLr","2016-10-16T20:46:32Z",391835,41,0.556,0.813,11,-7.721,0.0577,0.096,0.00271,0.0791,0.0645,98.994
"299","September/October 2016","5AeoStoLmNZcvm77c66PPj","mark.rossi.06","Intermezzo","6QNZJ9dPAHZyWQ91D8zrI4","2016-10-18T16:43:17Z",397220,24,0.804,0.792,7,-10.001,0.0679,0.00314,0.897,0.135,0.149,116.49
"300","September/October 2016","5AeoStoLmNZcvm77c66PPj","mark.rossi.06","The Middle","1SelvzeWuIm8n2yRUpFKl5","2016-10-20T19:04:59Z",238173,60,0.637,0.408,8,-7.694,0.0306,0.0702,0.000445,0.134,0.0702,128.024
"301","September/October 2016","5AeoStoLmNZcvm77c66PPj","mark.rossi.06","Barbary Coast (Later)","6bgjcVqaUmnalHy0C8txLv","2016-10-20T20:31:34Z",252373,53,0.563,0.34,2,-8.084,0.0377,0.589,0,0.103,0.183,80.544
"302","September/October 2016","5AeoStoLmNZcvm77c66PPj","mark.rossi.06","Gossamer Thin","2KAiDNISSBb5CKzR6er7JZ","2016-10-20T20:35:23Z",215133,46,0.375,0.365,11,-8.297,0.0335,0.908,0.00444,0.134,0.34,87.754
"303","September/October 2016","5AeoStoLmNZcvm77c66PPj","mark.rossi.06","Junky","2GfdeV9ABQdIG1GvIEFq9B","2016-10-20T23:33:27Z",206153,7,0.551,0.855,5,-3.632,0.0791,0.0209,1.07e-06,0.128,0.776,155.984
"304","September/October 2016","5AeoStoLmNZcvm77c66PPj","mark.rossi.06","Rango II","0JcjupySdUvwYNV7DDkbwU","2016-10-21T12:42:02Z",251366,49,0.761,0.252,0,-11.605,0.0452,0.705,0.926,0.199,0.445,76.346
"305","September/October 2016","5AeoStoLmNZcvm77c66PPj","mark.rossi.06","Hideaway","6mEuQyWEqxcAFGLZmIzH0M","2016-10-22T14:38:48Z",412611,28,0.39,0.396,2,-14.801,0.0534,0.751,0.0859,0.0716,0.0384,147.084
"306","September/October 2016","5AeoStoLmNZcvm77c66PPj","mark.rossi.06","Animal Spirits","1SHA4IJyiyNobDOrQzFFXy","2016-10-22T17:32:40Z",190801,57,0.751,0.713,1,-7.333,0.0544,0.156,9.59e-05,0.0508,0.901,100.856
"307","September/October 2016","5AeoStoLmNZcvm77c66PPj","mark.rossi.06","High Hopes","1JYFg0WwvGyh3zPaDD4feG","2016-10-23T15:06:56Z",231200,20,0.426,0.474,4,-6.355,0.0324,0.585,0,0.119,0.227,154.469
"308","September/October 2016","5AeoStoLmNZcvm77c66PPj","mark.rossi.06","Lost It To Trying","7frqaCMi7gVCD7JBuDrmEd","2016-10-23T21:21:25Z",282586,56,0.423,0.833,4,-6.903,0.0917,0.0831,0.0414,0.0691,0.283,160.014
"309","September/October 2016","5AeoStoLmNZcvm77c66PPj","mark.rossi.06","Pitseleh","1Q0sk7b7PAGjgC3R5zyuWt","2016-10-23T22:48:18Z",202533,39,0.334,0.21,2,-18.717,0.0407,0.871,0.197,0.105,0.491,105.53
"310","September/October 2016","5AeoStoLmNZcvm77c66PPj","mark.rossi.06","The Mermaid Parade","3QQU9iV5sB0e9EDZN6Co7H","2016-10-23T23:26:45Z",262520,0,0.475,0.481,5,-10.187,0.0345,0.848,0.00194,0.0998,0.46,130.065
"311","September/October 2016","5AeoStoLmNZcvm77c66PPj","mark.rossi.06","Manhattan","1rJvaquOqAd353fzF8VAld","2016-10-23T23:48:30Z",316386,52,0.711,0.617,7,-8.059,0.0449,0.178,0.0213,0.118,0.0951,137.656
"312","September/October 2016","5AeoStoLmNZcvm77c66PPj","mark.rossi.06","Future Forest","5kZvyhgWa9OY3JAe4tFOzo","2016-10-25T02:05:56Z",248172,23,0.719,0.768,10,-6.13,0.044,0.00124,0.793,0.299,0.132,110.003
"313","September/October 2016","5AeoStoLmNZcvm77c66PPj","mark.rossi.06","The Air","5duWU5HiOYFvninRPhUmJg","2016-10-25T12:50:20Z",275200,9,0.686,0.823,2,-8.378,0.0441,0.00155,0.82,0.04,0.926,113.001
"314","September/October 2016","5AeoStoLmNZcvm77c66PPj","mark.rossi.06","Fresh (feat. SuperVision)","5hAtOJcyp58cPeTReavzWx","2016-10-25T12:50:23Z",268785,13,0.523,0.71,0,-6.38,0.0338,0.000118,0.666,0.106,0.317,155.007
"315","September/October 2016","5AeoStoLmNZcvm77c66PPj","mark.rossi.06","If I Ever Was a Child","1tZ5ctX3Q1P6QZJ1bR25sd","2016-10-29T00:26:46Z",175946,56,0.682,0.547,8,-11.816,0.04,0.494,0.626,0.11,0.764,133.577
"316","September/October 2016","5AeoStoLmNZcvm77c66PPj","mark.rossi.06","Devil Like Me","0HsGh7cboYz6cVMIyFrQ8j","2016-10-31T13:15:00Z",188280,63,0.679,0.63,2,-6.83,0.158,0.758,7.06e-05,0.111,0.554,123.082
"317","July/August 2016","5YnswQcdFcNdkf8heUMZ6J","mark.rossi.06","Hope in Hell","4YvJwbYJ0TTQN4wlfDSjMY","2016-07-01T21:35:01Z",229347,3,0.763,0.442,7,-13.427,0.064,0.322,0.0958,0.127,0.036,107.963
"318","July/August 2016","5YnswQcdFcNdkf8heUMZ6J","mark.rossi.06","No Come Down","28KJOuM8zPIK20BxUNi4JZ","2016-07-01T22:11:06Z",348360,29,0.336,0.451,9,-13.323,0.0362,0.0614,0.00134,0.135,0.312,112.648
"319","July/August 2016","5YnswQcdFcNdkf8heUMZ6J","mark.rossi.06","Jesus","1A5ubbZgjEgpY67Kx0tUQX","2016-07-01T22:21:12Z",390573,29,0.355,0.491,4,-11.42,0.0273,0.0236,0.878,0.115,0.356,82.125
"320","July/August 2016","5YnswQcdFcNdkf8heUMZ6J","mark.rossi.06","Anemone","18kX8sPoqshqv0GtEOziTx","2016-07-01T22:36:38Z",334466,59,0.527,0.636,5,-12.888,0.0347,0.0599,0.843,0.204,0.619,83.101
"321","July/August 2016","5YnswQcdFcNdkf8heUMZ6J","mark.rossi.06","Drunk Walk","1TSluUQbHvXlzy5GZTQdRp","2016-07-02T01:35:30Z",188480,19,0.787,0.425,6,-8.983,0.0444,0.2,0.847,0.142,0.591,88.026
"322","July/August 2016","5YnswQcdFcNdkf8heUMZ6J","mark.rossi.06","Not Quite Awake","39dk3LB2fjwFe9gRZdtLt0","2016-07-02T01:41:50Z",194798,20,0.675,0.541,6,-8.836,0.0245,0.46,0.865,0.0838,0.748,101
"323","July/August 2016","5YnswQcdFcNdkf8heUMZ6J","mark.rossi.06","Raw Gold","4FxwX21gfCzpUd8uJJ7kVZ","2016-07-02T02:18:42Z",204155,11,0.489,0.643,6,-4.935,0.0744,0.0486,4.44e-06,0.337,0.716,93.746
"324","July/August 2016","5YnswQcdFcNdkf8heUMZ6J","mark.rossi.06","Kinder","3CquIgwrHkRYDtDXPqysb7","2016-07-02T02:29:43Z",256369,3,0.609,0.526,0,-8.918,0.0257,0.252,0.00966,0.135,0.161,83.503
"325","July/August 2016","5YnswQcdFcNdkf8heUMZ6J","mark.rossi.06","Lekka Freakout","6GiTOYZw0sstSrrZirqCvu","2016-07-02T02:47:02Z",230330,4,0.582,0.734,9,-6.923,0.0362,0.0193,7.74e-06,0.158,0.295,91.964
"326","July/August 2016","5YnswQcdFcNdkf8heUMZ6J","mark.rossi.06","All This","0sEsDkuoAc7Cx63VRHFSd1","2016-07-02T19:51:54Z",236826,49,0.594,0.88,9,-4.943,0.0786,0.0588,0.128,0.0973,0.381,149.969
"327","July/August 2016","5YnswQcdFcNdkf8heUMZ6J","mark.rossi.06","Even After All","72C59EtulrN1fuZPhHgN0l","2016-07-02T21:16:21Z",235880,48,0.778,0.265,9,-13.626,0.148,0.643,0.0759,0.0965,0.471,94.044
"328","July/August 2016","5YnswQcdFcNdkf8heUMZ6J","mark.rossi.06","Opus One","2ee5d2BiSlCYkjsGoXfkhg","2016-07-06T03:01:44Z",277343,16,0.67,0.582,9,-11.591,0.154,0.0298,0.0127,0.115,0.573,90.009
"329","July/August 2016","5YnswQcdFcNdkf8heUMZ6J","mark.rossi.06","Waves","1NGEaGbANZe2sMqhl9nTqy","2016-07-06T04:11:10Z",244929,39,0.405,0.437,11,-8.393,0.0408,0.0013,0.00285,0.111,0.232,117.067
"330","July/August 2016","5YnswQcdFcNdkf8heUMZ6J","mark.rossi.06","Vietnam Junkie","6T1yGBACCL8UcHeyDyWA7T","2016-07-06T04:32:00Z",211364,27,0.551,0.446,0,-8.722,0.0532,0.172,0,0.125,0.323,108.498
"331","July/August 2016","5YnswQcdFcNdkf8heUMZ6J","mark.rossi.06","Memories","6ejNhDv0QjCcx7g5v4LrqT","2016-07-13T22:54:42Z",225080,46,0.692,0.723,5,-6.54,0.0516,0.0297,0.00538,0.163,0.544,138.074
"332","July/August 2016","5YnswQcdFcNdkf8heUMZ6J","mark.rossi.06","101","2GkxGTv6AasoJ51AnYhH17","2016-07-08T03:14:24Z",285650,43,0.471,0.531,9,-7.733,0.0458,0.32,0.267,0.0831,0.0485,123.992
"333","July/August 2016","5YnswQcdFcNdkf8heUMZ6J","mark.rossi.06","Smile (feat. Eric Biddines)","4vvoPzvya0ESAPLeWoOe51","2016-07-08T03:46:24Z",305560,31,0.865,0.557,9,-9.364,0.135,0.182,0.000223,0.0486,0.573,109.966
"334","July/August 2016","5YnswQcdFcNdkf8heUMZ6J","mark.rossi.06","U R Freak (feat. Ivar)","65WwxtBzSytNWuDk4e5e4I","2016-07-08T03:52:25Z",232320,34,0.874,0.424,9,-11.487,0.0749,0.131,0.614,0.0752,0.667,118.011
"335","July/August 2016","5YnswQcdFcNdkf8heUMZ6J","mark.rossi.06","Lake Eerie","6h1Wx46aFiBavMdVYxsHLO","2016-07-08T04:00:30Z",180880,27,0.592,0.667,4,-11.149,0.0358,0.112,0.889,0.207,0.174,125.518
"336","July/August 2016","5YnswQcdFcNdkf8heUMZ6J","mark.rossi.06","You Don't Owe Me (feat. Ivar)","2TAJdmPIgfN2RPnMqDHlVq","2016-07-08T04:29:14Z",293440,28,0.711,0.597,10,-10.08,0.038,0.0433,0.00357,0.136,0.603,109.322
"337","July/August 2016","5YnswQcdFcNdkf8heUMZ6J","mark.rossi.06","Sun Harmonics","4WpqAzzZo04LS5jrze14rM","2016-07-09T11:51:02Z",714093,9,0.668,0.454,7,-18.313,0.0501,0.22,0.921,0.1,0.0657,118.007
"338","July/August 2016","5YnswQcdFcNdkf8heUMZ6J","mark.rossi.06","After 4AM","7JfqZOTWsA8pNtGrsaPHhU","2016-07-09T12:42:27Z",402746,7,0.337,0.691,4,-6.92,0.0463,0.161,0.358,0.1,0.205,176.699
"339","July/August 2016","5YnswQcdFcNdkf8heUMZ6J","mark.rossi.06","The Queen of All Everything","6HJH2v5BIqpKW34nsLV1O7","2016-07-09T12:53:02Z",472400,57,0.544,0.524,11,-10.96,0.0285,0.0944,0.674,0.115,0.101,134.042
"340","July/August 2016","5YnswQcdFcNdkf8heUMZ6J","mark.rossi.06","Canvas","1J7aG8YZaTJ0FCkcvjsVI5","2016-07-13T13:08:47Z",211956,50,0.696,0.286,5,-10.793,0.102,0.371,0.681,0.207,0.582,92.039
"341","July/August 2016","5YnswQcdFcNdkf8heUMZ6J","mark.rossi.06","Looped","4zSbFrERDuBdZ1Bio9uee4","2016-07-13T13:18:51Z",360705,62,0.805,0.404,7,-11.161,0.0481,0.0224,0.846,0.105,0.13,120.012
"342","July/August 2016","5YnswQcdFcNdkf8heUMZ6J","mark.rossi.06","Moon Tattoo","32vTUJEp1t0Y106kFtge8r","2016-07-13T13:23:28Z",347879,56,0.781,0.62,1,-11.859,0.0561,0.189,0.558,0.0944,0.43,111.977
"343","July/August 2016","5YnswQcdFcNdkf8heUMZ6J","mark.rossi.06","Childhood Memories","4jwCLxsgc48PWltdkNYa2T","2016-07-13T13:34:53Z",227666,35,0.531,0.705,6,-7.154,0.428,0.118,2.53e-06,0.157,0.728,85.922
"344","July/August 2016","5YnswQcdFcNdkf8heUMZ6J","mark.rossi.06","Drunk Drivers/Killer Whales","2os0aK782bakCPmjow0SU0","2016-07-13T21:13:19Z",374653,61,0.534,0.414,2,-7.952,0.0403,0.218,2.11e-06,0.103,0.458,117.079
"345","July/August 2016","5YnswQcdFcNdkf8heUMZ6J","mark.rossi.06","Always This Late - Instrumental","7Exe0mVrJblSNEiRuBI96A","2016-07-19T03:04:42Z",160941,42,0.615,0.455,8,-9.625,0.0469,0.008,0.121,0.0819,0.356,170.068
"346","July/August 2016","5YnswQcdFcNdkf8heUMZ6J","mark.rossi.06","Time Moves Slowly (feat. Samuel T. Herring)","5h3dkNsm4MT35zRgSB3YEv","2016-07-20T14:31:19Z",273864,53,0.612,0.375,11,-10.916,0.054,0.479,0.0357,0.102,0.322,139.93
"347","July/August 2016","5YnswQcdFcNdkf8heUMZ6J","mark.rossi.06","Good Enough","1v7pBmoFYGCN9NLyCODGfV","2016-07-20T15:39:05Z",222255,35,0.304,0.773,1,-5.681,0.0771,0.0761,6.87e-06,0.122,0.591,174.234
"348","July/August 2016","5YnswQcdFcNdkf8heUMZ6J","mark.rossi.06","Jackie Blue","1R9EHsvzpXwOvlGkgDmE55","2016-07-21T13:36:18Z",250120,44,0.57,0.534,1,-9.785,0.028,0.354,0.00346,0.0395,0.962,107.119
"349","July/August 2016","5YnswQcdFcNdkf8heUMZ6J","mark.rossi.06","House Of Moody","59YX7tyqUGtLcwHwyGR1so","2016-07-21T17:43:29Z",219112,29,0.531,0.961,8,-5.614,0.0854,0.00968,0,0.27,0.139,124.969
"350","July/August 2016","5YnswQcdFcNdkf8heUMZ6J","mark.rossi.06","Saviors","4MbkpRPiDQigcxMiKiYlYV","2016-07-22T19:54:51Z",268160,34,0.214,0.501,8,-8.684,0.0442,0.116,0.0048,0.106,0.0384,75.969
"351","July/August 2016","5YnswQcdFcNdkf8heUMZ6J","mark.rossi.06","Life Goes on (feat. GRiZ)","46rHbyVwhG444QaWb9dSyL","2016-07-23T17:32:12Z",307480,45,0.684,0.593,6,-9.254,0.0394,0.0324,0.0722,0.0953,0.66,91.972
"352","July/August 2016","5YnswQcdFcNdkf8heUMZ6J","mark.rossi.06","Roll Your Own","1p2HBb5dbKDaWHLVypbuHH","2016-07-24T23:56:19Z",399573,38,0.502,0.681,2,-7.784,0.0291,0.255,0.941,0.0742,0.213,89.99
"353","July/August 2016","5YnswQcdFcNdkf8heUMZ6J","mark.rossi.06","Pocket","2VIbVGl400BDlzJkL1tuPo","2016-07-26T12:27:39Z",206468,14,0.499,0.541,8,-9.342,0.0364,0.26,0.00952,0.144,0.175,140.095
"354","July/August 2016","5YnswQcdFcNdkf8heUMZ6J","mark.rossi.06","Beauty Always Dies","4YOa5vyp1YA5n6AcCPVaRG","2016-07-26T12:32:48Z",224182,6,0.617,0.696,1,-9.721,0.0405,0.164,0.795,0.115,0.148,105.979
"355","July/August 2016","5YnswQcdFcNdkf8heUMZ6J","mark.rossi.06","Vibration","071Cr3F18215C5qQX2Vlaa","2016-07-26T15:09:23Z",211238,38,0.769,0.805,0,-8.286,0.0875,0.00946,0.821,0.204,0.76,148.063
"356","July/August 2016","5YnswQcdFcNdkf8heUMZ6J","mark.rossi.06","Gimme","1h5w5nj1WhkwNohosJ6ntO","2016-07-26T15:13:14Z",164094,41,0.712,0.855,4,-7.849,0.0883,0.0174,0.795,0.0432,0.244,90.014
"357","July/August 2016","5YnswQcdFcNdkf8heUMZ6J","mark.rossi.06","Midnight in Peckham","39ZPfYfqqibxcvFkPqLgdN","2016-07-26T16:08:27Z",420919,45,0.639,0.678,10,-16.289,0.0389,0.722,0.903,0.124,0.539,117.999
"358","July/August 2016","5YnswQcdFcNdkf8heUMZ6J","mark.rossi.06","Luxury Motivation","0uvifoAgwsiQwqAzVUmFrj","2016-07-26T20:41:45Z",348265,33,0.768,0.628,6,-14.17,0.0475,0.748,0.898,0.0924,0.179,122.011
"359","July/August 2016","5YnswQcdFcNdkf8heUMZ6J","mark.rossi.06","Common Unity","5qsNvJS7Pw4KHG4D4EuoZs","2016-07-26T20:48:51Z",305790,28,0.755,0.719,5,-6.513,0.0373,0.622,0.928,0.109,0.398,114.986
"360","July/August 2016","5YnswQcdFcNdkf8heUMZ6J","mark.rossi.06","Lights","5as7xqv2wjtDOKujiYa6Jc","2016-07-27T12:52:08Z",189750,41,0.692,0.612,10,-7.273,0.0382,0.428,0.927,0.0831,0.157,99.998
"361","July/August 2016","5YnswQcdFcNdkf8heUMZ6J","mark.rossi.06","Alfonso Muskedunder - Mungolian Jetset Remix","4JvkLa6oR2uaoaJec884Ch","2016-07-27T13:49:14Z",380240,21,0.756,0.843,10,-8.628,0.0477,0.00257,0.879,0.0419,0.305,107.992
"362","July/August 2016","5YnswQcdFcNdkf8heUMZ6J","mark.rossi.06","Sea","06OlXW3sm3XgtBSQdOntNr","2016-07-27T13:56:41Z",266697,33,0.579,0.872,11,-8.35,0.0373,0.000553,0.904,0.112,0.781,124.046
"363","July/August 2016","5YnswQcdFcNdkf8heUMZ6J","mark.rossi.06","Preben Goes To Acapulco","7wk1BKY8fIJ5ECha9Vpo13","2016-07-27T18:20:57Z",275173,32,0.713,0.675,7,-9.751,0.0366,0.0177,0.856,0.0851,0.853,95.997
"364","July/August 2016","5YnswQcdFcNdkf8heUMZ6J","mark.rossi.06","Way to be Loved","5FjC0o2EGdlAMdc3hfeTMd","2016-07-29T22:06:55Z",263396,52,0.583,0.515,11,-9.283,0.0571,0.605,0.000691,0.0931,0.621,115.732
"365","July/August 2016","5YnswQcdFcNdkf8heUMZ6J","mark.rossi.06","Now You See Everything","5dvx5DgOjHdexhcXQOdOy9","2016-07-29T22:10:40Z",175853,29,0.606,0.655,9,-9.379,0.0281,0.529,0.000253,0.395,0.864,121.539
"366","July/August 2016","5YnswQcdFcNdkf8heUMZ6J","mark.rossi.06","Downtown","5iK8GmW2uiPuUc5CtkZrIK","2016-07-29T22:45:25Z",249062,60,0.382,0.283,6,-9.357,0.0292,0.786,0.00478,0.111,0.043,95.3
"367","July/August 2016","5YnswQcdFcNdkf8heUMZ6J","mark.rossi.06","In the Name of (feat. Clark Smith)","14EwjD8Al5DQjip5IuH16s","2016-07-29T23:42:02Z",263800,18,0.657,0.745,1,-6.362,0.131,0.643,0.272,0.208,0.591,190.057
"368","July/August 2016","5YnswQcdFcNdkf8heUMZ6J","mark.rossi.06","Tree Trunks","51DHjH0JVIZxQ6bOX5cSbe","2016-07-29T23:42:04Z",267986,27,0.651,0.833,6,-5.459,0.0689,0.291,0.737,0.463,0.849,190.085
"369","July/August 2016","5YnswQcdFcNdkf8heUMZ6J","mark.rossi.06","Edenville","0xbWVbv30JVvPafzUatLoH","2016-07-30T14:36:05Z",158444,34,0.679,0.611,8,-6.94,0.419,0.513,1.71e-05,0.126,0.785,87.816
"370","July/August 2016","5YnswQcdFcNdkf8heUMZ6J","mark.rossi.06","Breadcrumbs","7tmfrvAm84ntXtwbn1ybgt","2016-07-30T14:49:01Z",179391,46,0.635,0.747,10,-6.951,0.354,0.694,0.00228,0.1,0.852,83.305
"371","July/August 2016","5YnswQcdFcNdkf8heUMZ6J","mark.rossi.06","Remembrance","7bN6psnpAgtMFuxVIHMXke","2016-07-30T14:56:53Z",237213,33,0.591,0.716,1,-5.514,0.0493,0.0179,0.179,0.419,0.473,158.957
"372","July/August 2016","5YnswQcdFcNdkf8heUMZ6J","mark.rossi.06","Constellation","6rU3hBj3TYStUZu19ADPit","2016-07-30T15:14:08Z",246000,43,0.592,0.798,1,-8.283,0.145,0.0229,0.000843,0.082,0.732,102.469
"373","July/August 2016","5YnswQcdFcNdkf8heUMZ6J","mark.rossi.06","French Police","6giBntiV6kUyx3YUfNcWUM","2016-07-31T15:01:43Z",247979,7,0.709,0.706,9,-3.973,0.0373,0.266,0,0.0708,0.586,137.019
"374","July/August 2016","5YnswQcdFcNdkf8heUMZ6J","mark.rossi.06","Sea Of Light","2Eqq4HfFsi1zAxrmdFBMY5","2016-07-31T15:46:27Z",200773,0,0.672,0.59,9,-5.304,0.0333,0.0936,0.102,0.0521,0.262,112.033
"375","July/August 2016","5YnswQcdFcNdkf8heUMZ6J","mark.rossi.06","Fool","7iqCMdPKg6laKMzqvaquPj","2016-07-31T15:55:35Z",237368,28,0.773,0.574,7,-4.615,0.0338,0.25,0.0017,0.0843,0.715,104.977
"376","July/August 2016","5YnswQcdFcNdkf8heUMZ6J","mark.rossi.06","Everybody Too","1DbkP43pkT6rK4P49oxL5y","2016-07-31T16:02:32Z",259907,16,0.651,0.726,7,-6.486,0.163,0.286,0.0153,0.387,0.471,85.972
"377","July/August 2016","5YnswQcdFcNdkf8heUMZ6J","mark.rossi.06","Dig In","66tqCxvyO3PuzrrhMajZuQ","2016-07-31T16:02:36Z",345733,0,0.783,0.862,9,-6.478,0.157,0.274,4.47e-05,0.0796,0.743,107.95
"378","July/August 2016","5YnswQcdFcNdkf8heUMZ6J","mark.rossi.06","The Boy With The Green Eyes","3AFIgOnH9QODFtyKsf8g90","2016-07-31T17:34:02Z",215173,3,0.489,0.837,4,-6.35,0.0513,0.131,0.000575,0.124,0.817,128.621
"379","July/August 2016","5YnswQcdFcNdkf8heUMZ6J","mark.rossi.06","San Francisco Street","5pjWzUc1tVcewUTdDJd6Ce","2016-07-31T17:34:11Z",266704,51,0.877,0.542,2,-9.102,0.0419,0.224,0.132,0.0858,0.501,111.474
"380","July/August 2016","5YnswQcdFcNdkf8heUMZ6J","mark.rossi.06","Canary Island","1BmDAh8M1Mrhwd9WQBnRtK","2016-07-31T17:34:18Z",229853,38,0.483,0.63,5,-6.561,0.0273,0.085,0.388,0.121,0.541,75.403
"381","July/August 2016","5YnswQcdFcNdkf8heUMZ6J","mark.rossi.06","Shabop Shalom","0Y6mbxyg9qE17J5YIbi4Kx","2016-07-31T18:22:35Z",278213,42,0.545,0.368,9,-13.946,0.0336,0.573,0.844,0.136,0.609,103.7
"382","July/August 2016","5YnswQcdFcNdkf8heUMZ6J","mark.rossi.06","Tezeta (Nostalgia)","414J8tKHbtF16XOiHGBEso","2016-07-31T18:35:21Z",376640,51,0.546,0.355,5,-10.199,0.0368,0.954,0.92,0.0891,0.505,81.054
"383","July/August 2016","5YnswQcdFcNdkf8heUMZ6J","mark.rossi.06","Eats the Light","1HO0dQq5IC1UfgGv2RPaCx","2016-07-31T22:23:56Z",342965,35,0.721,0.798,0,-6.015,0.0345,0.0113,0.0145,0.102,0.674,136.005
"384","July/August 2016","5YnswQcdFcNdkf8heUMZ6J","mark.rossi.06","Move Too Fast","2bSfBrLUFsBbaPqnPsZ465","2016-07-31T22:24:04Z",246806,30,0.742,0.698,7,-6.755,0.0731,0.0037,0.0387,0.112,0.752,122.992
"385","July/August 2016","5YnswQcdFcNdkf8heUMZ6J","mark.rossi.06","Ryat","1MXmtk0zJhEhi4bqiPkq3D","2016-08-01T14:45:01Z",243374,46,0.836,0.768,9,-7.358,0.0689,0.422,0.916,0.162,0.212,120.014
"386","July/August 2016","5YnswQcdFcNdkf8heUMZ6J","mark.rossi.06","Taylor","1rmK4pMmZpvTA1OvxTMIaS","2016-08-01T15:04:41Z",241615,28,0.623,0.685,6,-7.067,0.0413,0.666,0.862,0.108,0.089,95.018
"387","July/August 2016","5YnswQcdFcNdkf8heUMZ6J","mark.rossi.06","The Memoirs of Gregory Otterman","2dZ8Qe1R7YdX9kQ75zbpcJ","2016-08-02T20:56:09Z",241000,34,0.683,0.699,2,-7.894,0.0991,0.23,0.638,0.107,0.393,120.039
"388","July/August 2016","5YnswQcdFcNdkf8heUMZ6J","mark.rossi.06","Hourglass","2QrvbvlcQ71d4wvu7FU41v","2016-08-02T22:51:39Z",258000,31,0.842,0.239,11,-10.454,0.0764,0.312,0.362,0.0888,0.336,119.995
"389","July/August 2016","5YnswQcdFcNdkf8heUMZ6J","mark.rossi.06","Sunday Shining","2HEp8tGdLYhwprqfh7HHmE","2016-08-03T14:42:36Z",224066,45,0.595,0.852,2,-5.505,0.0446,0.0405,6.65e-06,0.176,0.543,101.079
"390","July/August 2016","5YnswQcdFcNdkf8heUMZ6J","mark.rossi.06","Parallel Lines","3F95GrnJmIZlCUHwOVdBD6","2016-08-03T18:14:14Z",241005,47,0.573,0.664,2,-7.561,0.0465,0.672,0.0203,0.115,0.16,95.003
"391","July/August 2016","5YnswQcdFcNdkf8heUMZ6J","mark.rossi.06","Tiff's Theme","7bAm32FzGlKbhgnYCqRNGl","2016-08-03T18:41:22Z",385573,27,0.67,0.785,0,-8.186,0.0334,0.0708,0.863,0.101,0.583,121.998
"392","July/August 2016","5YnswQcdFcNdkf8heUMZ6J","mark.rossi.06","Found","0n3C6etuZvrcXRf2R5Eeu3","2016-08-05T21:28:56Z",250552,2,0.607,0.67,9,-8.683,0.0472,0.000729,0.914,0.106,0.377,91.989
"393","July/August 2016","5YnswQcdFcNdkf8heUMZ6J","mark.rossi.06","Kiss","2xhGJZcGnloFw3M6GCrXnv","2016-08-06T02:37:12Z",135185,1,0.698,0.795,5,-7.958,0.354,0.514,0,0.189,0.695,162.239
"394","July/August 2016","5YnswQcdFcNdkf8heUMZ6J","mark.rossi.06","Verona the Hellcat (feat. Jessie Reyez)","3A6AHCaSiE82n560LROJuQ","2016-08-06T02:48:34Z",240003,23,0.732,0.632,10,-6.759,0.285,0.0746,1.57e-06,0.14,0.857,180.071
"395","July/August 2016","5YnswQcdFcNdkf8heUMZ6J","mark.rossi.06","Graceland","1EchZuzbnKz69m22lJTKxR","2016-08-06T02:55:55Z",286100,7,0.664,0.604,6,-8.84,0.11,0.0263,0.000173,0.247,0.469,75.015
"396","July/August 2016","5YnswQcdFcNdkf8heUMZ6J","mark.rossi.06","Before I Go","3wnRlIRrtq3PyfuqjPnHmt","2016-08-14T13:24:37Z",427204,40,0.566,0.839,0,-5.165,0.0651,0.00919,0.000693,0.336,0.163,98.966
"397","July/August 2016","5YnswQcdFcNdkf8heUMZ6J","mark.rossi.06","Wait for the Moment","48wH8bAxvBJO2l14GmNLz7","2016-08-15T00:56:42Z",230676,60,0.773,0.36,0,-9.722,0.0955,0.501,0.00409,0.0823,0.677,79.207
"398","July/August 2016","5YnswQcdFcNdkf8heUMZ6J","mark.rossi.06","Weathered","1r0Auy0YiEMhrGEejjh9HH","2016-08-15T01:02:04Z",274174,48,0.408,0.508,0,-7.293,0.0434,0.103,0.000102,0.0786,0.283,111.94
"399","July/August 2016","5YnswQcdFcNdkf8heUMZ6J","mark.rossi.06","I Want To Be Alone With You","0wQ6GCtKHfrhBG4Asj5Hkh","2016-08-16T18:46:20Z",231636,46,0.736,0.574,7,-7.73,0.0384,0.00613,0.571,0.174,0.244,101
"400","July/August 2016","5YnswQcdFcNdkf8heUMZ6J","mark.rossi.06","Hometown Girl","7CNRVEMSXo0fRJwZyM0L2n","2016-08-17T23:46:26Z",252235,64,0.514,0.582,6,-8.835,0.101,0.0209,0.0835,0.0937,0.616,99.996
"401","July/August 2016","5YnswQcdFcNdkf8heUMZ6J","mark.rossi.06","Slim's Night Out","6aQYHMzCZvKRNf2Apaf1AA","2016-08-19T00:12:41Z",166680,47,0.761,0.478,5,-9.888,0.0408,0.00435,0.651,0.383,0.553,98.007
"402","July/August 2016","5YnswQcdFcNdkf8heUMZ6J","mark.rossi.06","Morning Sunrise","3KRHvHfEvkn4Y2ThnYb7Ij","2016-08-19T00:18:39Z",194174,26,0.329,0.716,6,-8.053,0.0421,0.0559,0.779,0.172,0.384,89.819
"403","July/August 2016","5YnswQcdFcNdkf8heUMZ6J","mark.rossi.06","Haunted","3Qa7yHQnNjqFjWhvcC7hxF","2016-08-19T13:26:08Z",207835,48,0.532,0.449,8,-10.057,0.0894,0.365,0.0408,0.131,0.378,97.009
"404","July/August 2016","5YnswQcdFcNdkf8heUMZ6J","mark.rossi.06","Fill The Void","4cieRtd3nCxideC8lesgis","2016-08-19T13:32:50Z",208000,49,0.335,0.475,6,-7.946,0.0961,0.493,0.000236,0.11,0.0665,179.919
"405","July/August 2016","5YnswQcdFcNdkf8heUMZ6J","mark.rossi.06","Out At Night","2J4VpjrnGf0EGK9CWKMYGg","2016-08-19T13:48:00Z",217324,50,0.403,0.489,5,-9.045,0.182,0.61,0.000586,0.0954,0.157,88.091
"406","July/August 2016","5YnswQcdFcNdkf8heUMZ6J","mark.rossi.06","All Alone","0pgNhTYm682jZDcRkVcDLA","2016-08-19T13:51:16Z",191086,42,0.635,0.317,9,-12.025,0.0476,0.871,0.218,0.0987,0.199,91.896
"407","July/August 2016","5YnswQcdFcNdkf8heUMZ6J","mark.rossi.06","Burn 4","39EHJreMSTO7QSNT9Yf3OP","2016-08-20T16:51:29Z",299133,28,0.786,0.44,7,-10.668,0.0587,0.0151,0.948,0.0865,0.606,89.989
"408","July/August 2016","5YnswQcdFcNdkf8heUMZ6J","mark.rossi.06","Empty Nesters","1GdX0lBmJ7zJXDxQksT25Q","2016-08-20T17:07:48Z",223205,31,0.482,0.815,2,-4.814,0.0425,0.000201,0.0279,0.364,0.575,114.915
"409","July/August 2016","5YnswQcdFcNdkf8heUMZ6J","mark.rossi.06","Just Like You","6y6TLb3rwDRxP5I3qK0Py9","2016-08-22T00:58:50Z",295079,49,0.699,0.575,0,-9.034,0.0449,0.647,0.376,0.0624,0.857,84.114
"410","July/August 2016","5YnswQcdFcNdkf8heUMZ6J","mark.rossi.06","Fast Lane","1rnhEFrn86ZZlQoMNuZeMd","2016-08-22T02:44:45Z",155000,57,0.762,0.583,0,-6.409,0.0405,0.58,0.0103,0.134,0.578,95.983
"411","July/August 2016","5YnswQcdFcNdkf8heUMZ6J","mark.rossi.06","Sailing the Solar Flares","3tubIxEQAIhJok2xNl2Fgf","2016-08-22T02:47:21Z",254815,44,0.506,0.449,11,-10.652,0.0424,0.517,0.876,0.111,0.329,114.951
"412","July/August 2016","5YnswQcdFcNdkf8heUMZ6J","mark.rossi.06","Devotion","3ogZ1NueAui7bkl7BD8cvE","2016-08-22T03:24:58Z",214322,31,0.616,0.414,4,-11.397,0.0318,0.536,0.224,0.266,0.596,79.977
"413","July/August 2016","5YnswQcdFcNdkf8heUMZ6J","mark.rossi.06","Can't Wait","7rlNTVPRHRfoOve2ZxKVxt","2016-08-22T11:47:43Z",252765,42,0.655,0.518,1,-9.23,0.162,0.0759,0.298,0.114,0.253,187.938
"414","July/August 2016","5YnswQcdFcNdkf8heUMZ6J","mark.rossi.06","Clay","1xZ79Z9ASSethpQQzqlWvd","2016-08-22T12:44:21Z",209587,24,0.815,0.527,4,-10.376,0.0594,0.214,0.198,0.144,0.673,110.002
"415","July/August 2016","5YnswQcdFcNdkf8heUMZ6J","mark.rossi.06","Cascade","5U82v3no1Q8u6USA8ot2je","2016-08-22T14:25:09Z",276279,38,0.574,0.662,11,-8.878,0.0459,0.647,0.857,0.119,0.175,172.028
"416","July/August 2016","5YnswQcdFcNdkf8heUMZ6J","mark.rossi.06","Friction","2EOaLqfUzwJgUzmEGKeBfk","2016-08-22T18:18:24Z",322285,41,0.824,0.691,9,-9.001,0.0884,0.0398,0.00114,0.114,0.222,105.002
"417","sleep","6DXrwNBX6L5rZIJ3ULnnFU","mark.rossi.06","Cavalier","240ElV9j5kjT14OR8RPMoZ","2014-01-23T08:08:51Z",283173,45,0.332,0.297,11,-8.244,0.0497,0.904,0.000126,0.222,0.0396,85.245
"418","sleep","6DXrwNBX6L5rZIJ3ULnnFU","mark.rossi.06","Actors","7Hvpgb7zBb4oaeFlsNG3CH","2014-01-23T08:10:21Z",241921,49,0.519,0.489,6,-12.838,0.0344,0.878,0.789,0.213,0.368,90.967
"419","sleep","6DXrwNBX6L5rZIJ3ULnnFU","mark.rossi.06","Lúppulagið (Live)","5T34Ec010ShPYhDPkGWJ7H","2014-01-23T08:11:34Z",359320,30,0.209,0.163,11,-16.778,0.0337,0.966,0.933,0.097,0.0351,97.704
"420","sleep","6DXrwNBX6L5rZIJ3ULnnFU","mark.rossi.06","Baleen Morning","2IrlIGtM2nn9J5I9IRuYso","2014-01-23T08:11:42Z",206680,1,0.436,0.306,0,-15.334,0.0354,0.934,0.806,0.147,0.225,153.325
"421","sleep","6DXrwNBX6L5rZIJ3ULnnFU","mark.rossi.06","Colorado","2CNWqBdAIOdIPKNno5mPAN","2014-01-23T08:12:21Z",306840,0,0.598,0.154,4,-18.272,0.0503,0.914,0.684,0.112,0.133,111.872
"422","sleep","6DXrwNBX6L5rZIJ3ULnnFU","mark.rossi.06","Happy With You","6ZsxTsS93J9ly9fvhA9gu8","2014-01-23T08:14:10Z",286745,25,0.589,0.812,5,-5.722,0.0491,0.00255,0.817,0.102,0.405,120.039
"423","sleep","6DXrwNBX6L5rZIJ3ULnnFU","mark.rossi.06","Last Night I Heard Everything In Slow Motion","0RCxW4hG2hiItbRUqz3LsV","2014-01-23T08:15:18Z",224500,2,0.608,0.462,7,-13.002,0.0458,0.237,0.904,0.105,0.123,75.07
"424","sleep","6DXrwNBX6L5rZIJ3ULnnFU","mark.rossi.06","Calgary","78vyQKgkQJgMtxXSu2BkZc","2014-01-23T08:16:46Z",250200,0,0.445,0.461,11,-11.488,0.0379,0.929,0.167,0.623,0.091,119.951
"425","sleep","6DXrwNBX6L5rZIJ3ULnnFU","mark.rossi.06","We Don't Eat","3aDzxZK00STXm41wUiuKS2","2014-01-23T08:21:13Z",293800,48,0.432,0.372,7,-12.494,0.0481,0.91,0.0105,0.121,0.369,124.019
"426","sleep","6DXrwNBX6L5rZIJ3ULnnFU","mark.rossi.06","If You Only Knew The Rain","11w0i8SbmLaVMv1pWYH0cV","2014-01-23T08:22:27Z",303533,0,0.304,0.497,9,-9.276,0.042,0.981,0.941,0.263,0.0865,137.502
"427","sleep","6DXrwNBX6L5rZIJ3ULnnFU","mark.rossi.06","Alberta","1zmd7f8R6rfm0Tnw4pFA80","2014-02-04T00:53:07Z",149894,30,0.334,0.0957,6,-15.617,0.0317,0.987,0.914,0.121,0.212,67.953
"428","sleep","6DXrwNBX6L5rZIJ3ULnnFU","mark.rossi.06","Happiness","56izuMFp1xj6IGXOh5efiY","2014-02-06T05:48:26Z",560653,45,0.0637,0.249,7,-16.187,0.0429,0.866,0.974,0.093,0.0372,67.693
"429","sleep","6DXrwNBX6L5rZIJ3ULnnFU","mark.rossi.06","And Stars, Ringed","0SSNEa1F2sa4YBkpv0YX7W","2014-03-05T04:10:34Z",310786,1,0.646,0.806,10,-5.082,0.0326,0.409,0.887,0.104,0.225,112.999
"430","sleep","6DXrwNBX6L5rZIJ3ULnnFU","mark.rossi.06","Youth","4XlDeNWGcZQgMEWDB6Vc7b","2014-03-10T13:52:12Z",251626,2,0.588,0.477,9,-12.71,0.0492,0.61,0.00188,0.122,0.455,150.396
"431","sleep","6DXrwNBX6L5rZIJ3ULnnFU","mark.rossi.06","Forever Holding On","5HVkOO9OQ1bUOka3luZkZE","2014-05-28T03:48:21Z",287243,1,0.482,0.563,7,-7.328,0.0845,0.81,0.00413,0.101,0.298,119.658
"432","sleep","6DXrwNBX6L5rZIJ3ULnnFU","mark.rossi.06","Pictures","3oYUbs9vcPBRQkaCzUSP9S","2014-05-28T03:50:00Z",179346,46,0.551,0.318,1,-10.173,0.0365,0.934,8.77e-06,0.0903,0.291,141.158
"433","sleep","6DXrwNBX6L5rZIJ3ULnnFU","mark.rossi.06","Christians In Black","5bm8APTiF8PirdkYjzTaNL","2014-05-28T03:51:09Z",234106,25,0.295,0.287,4,-12.245,0.0313,0.915,0.0562,0.111,0.555,178.608
"434","sleep","6DXrwNBX6L5rZIJ3ULnnFU","mark.rossi.06","Aurora","76MSjVP01tPrmDrOQG4WN8","2014-05-28T03:54:47Z",256533,16,0.28,0.222,8,-11.526,0.0361,0.98,0.0173,0.112,0.187,113.683
"435","sleep","6DXrwNBX6L5rZIJ3ULnnFU","mark.rossi.06","A Poor Man's Memory","3Sr65YB3fNytWhAD1kIIr3","2014-05-28T03:55:41Z",364826,0,0.419,0.386,2,-10.539,0.0469,0.083,0.871,0.164,0.141,107.743
"436","sleep","6DXrwNBX6L5rZIJ3ULnnFU","mark.rossi.06","Time Slows Down When You Walk Into The Room","2vCfSfsupEvAyGvjXMDE1R","2014-05-29T04:19:16Z",220734,2,0.394,0.273,7,-10.342,0.0356,0.78,0.614,0.0903,0.0414,126.632
"437","sleep","6DXrwNBX6L5rZIJ3ULnnFU","mark.rossi.06","Autumn Tree","2Rn0EeHNgRawztx5KCGpwK","2014-05-29T05:00:12Z",230920,49,0.232,0.222,8,-14.154,0.031,0.771,0,0.081,0.048,81.832
"438","sleep","6DXrwNBX6L5rZIJ3ULnnFU","mark.rossi.06","Capulet","16d5nuL4xktJSBVxTDEUyN","2014-06-03T04:51:01Z",222320,32,0.452,0.704,5,-9.183,0.0388,0.00574,0.918,0.0983,0.205,126.616
"439","sleep","6DXrwNBX6L5rZIJ3ULnnFU","mark.rossi.06","For My Corpse","6MhFSgSzP4oq11JzNuRaCk","2014-06-03T04:58:04Z",374893,24,0.51,0.541,2,-10.291,0.0388,0.00284,0.867,0.113,0.232,170.048
"440","sleep","6DXrwNBX6L5rZIJ3ULnnFU","mark.rossi.06","The Meaning of Love","0tqfL9BbY7TTI68kmJrOBb","2014-06-06T04:11:58Z",353098,37,0.345,0.71,7,-5.195,0.0857,0.0383,0.222,0.136,0.12,82.669
"441","sleep","6DXrwNBX6L5rZIJ3ULnnFU","mark.rossi.06","All Through the Night","2FWJQybUKPLQN83m6JJHP7","2014-06-10T04:10:48Z",273640,42,0.602,0.483,1,-14.196,0.0405,0.24,0.842,0.106,0.176,89.994
"442","sleep","6DXrwNBX6L5rZIJ3ULnnFU","mark.rossi.06","Halving The Compass","54NquOiocazAzjHpqIGGS3","2014-07-04T06:35:08Z",326693,50,0.34,0.244,2,-16.588,0.0373,0.909,0.884,0.332,0.211,115.063
"443","sleep","6DXrwNBX6L5rZIJ3ULnnFU","mark.rossi.06","A Calf Born In Winter","6eRrduGW0IpZ4UX0FpS73K","2014-07-04T06:44:04Z",209046,5,0.516,0.388,2,-13.377,0.0285,0.567,0.893,0.904,0.49,82.658
"444","sleep","6DXrwNBX6L5rZIJ3ULnnFU","mark.rossi.06","Vapour Train","3A5kOtCVTLqJ8fDF95rXOA","2014-10-22T03:32:59Z",277426,27,0.72,0.221,0,-11.193,0.0602,0.242,0.865,0.15,0.456,87.992
"445","sleep","6DXrwNBX6L5rZIJ3ULnnFU","mark.rossi.06","Feels","7mb8p8MJ6zZUgu7b0mKDel","2014-11-30T22:58:10Z",190758,53,0.648,0.582,10,-9.687,0.0464,0.604,0.253,0.111,0.364,144.998
"446","sleep","6DXrwNBX6L5rZIJ3ULnnFU","mark.rossi.06","Masollan","4AMeTATGlTyPaPCRzpvN47","2015-02-03T23:01:32Z",313460,17,0.459,0.325,4,-13.411,0.0261,0.324,0.899,0.113,0.182,90.817
"447","sleep","6DXrwNBX6L5rZIJ3ULnnFU","mark.rossi.06","Kusanagi - Instrumental","7EdE1Ki7I2vhQGxs2DAgmD","2015-10-25T21:23:14Z",208000,42,0.389,0.3,0,-8.902,0.0313,0.637,0.721,0.139,0.0388,74.482
"448","sleep","6DXrwNBX6L5rZIJ3ULnnFU","mark.rossi.06","Healing (Hope You're Well)","45aHbpIwj9Wxx1BKDsIo8H","2015-12-08T05:50:44Z",185756,38,0.707,0.37,2,-18.215,0.0937,0.563,0.866,0.207,0.492,97.006
"449","sleep","6DXrwNBX6L5rZIJ3ULnnFU","mark.rossi.06","Sequenza","3d0CVXUg4TZrMwkAPmLYN5","2016-02-23T06:07:22Z",352089,32,0.776,0.543,9,-12.042,0.044,0.617,0.919,0.0468,0.106,122.001
"450","sleep","6DXrwNBX6L5rZIJ3ULnnFU","mark.rossi.06","Elijah","6JNThpXvf7eIQw1ltV3nUH","2016-04-24T22:49:28Z",161133,19,0.159,0.177,2,-13.074,0.0375,0.79,0.911,0.114,0.221,86.8
"451","beats & sounds","4rVzRplMEA1UDu8sNbqOSx","mark.rossi.06","Inside Your Mind (feat. Carmody)","6AWOXprb2vhZOhHU6Yo5Hm","2016-06-18T22:03:34Z",263762,38,0.5,0.645,2,-6.608,0.0286,0.853,0.338,0.0986,0.0398,100.997
"452","beats & sounds","4rVzRplMEA1UDu8sNbqOSx","mark.rossi.06","Dream Journal","2b4AnBMFXJpu7O1khalXCQ","2016-06-18T23:48:33Z",223582,34,0.587,0.829,4,-7.979,0.121,0.232,0.807,0.193,0.0651,92.729
"453","beats & sounds","4rVzRplMEA1UDu8sNbqOSx","mark.rossi.06","Perceiver","0VxxNYRnCIFwThjvTixSfu","2016-06-20T06:59:36Z",297306,27,0.708,0.608,5,-11.859,0.0513,0.436,0.896,0.0899,0.249,93.006
"454","beats & sounds","4rVzRplMEA1UDu8sNbqOSx","mark.rossi.06","Rain On the World","0N5kbJ9TnLeHUB2S4k4mHs","2016-06-20T06:59:42Z",366800,23,0.702,0.413,6,-15.084,0.0474,0.345,0.863,0.0879,0.365,108.007
"455","beats & sounds","4rVzRplMEA1UDu8sNbqOSx","mark.rossi.06","After Life (Point Point Remix)","5I4Iik09oGpx4kvZlaUZW0","2016-06-22T04:01:38Z",230400,47,0.32,0.786,7,-5.077,0.496,0.241,0.0106,0.108,0.337,199.707
"456","beats & sounds","4rVzRplMEA1UDu8sNbqOSx","mark.rossi.06","Snowcone","5zxuMu1ytdB77KjJjiMDCT","2016-06-22T19:42:58Z",314422,48,0.726,0.563,11,-8.043,0.238,0.096,0.871,0.263,0.135,98.007
"457","beats & sounds","4rVzRplMEA1UDu8sNbqOSx","mark.rossi.06","Road & Lights - Original Mix","0BDEUzqMGgoegamJOFzUth","2016-06-25T14:53:47Z",336561,35,0.621,0.795,8,-9.081,0.0372,0.000249,0.929,0.0712,0.203,104.993
"458","beats & sounds","4rVzRplMEA1UDu8sNbqOSx","mark.rossi.06","No More","0baZKQBd7l8S2b4gkkbXae","2016-06-25T15:01:21Z",199970,39,0.763,0.459,4,-12.841,0.0815,0.304,0.896,0.0901,0.0294,139.982
"459","beats & sounds","4rVzRplMEA1UDu8sNbqOSx","mark.rossi.06","The Glow (feat. Kimbra)","11tyPK6BsOHJAQtRDO74NV","2016-06-26T23:00:52Z",264040,44,0.476,0.861,8,-4.165,0.05,0.0135,0.561,0.258,0.578,77.034
"460","beats & sounds","4rVzRplMEA1UDu8sNbqOSx","mark.rossi.06","The Hook","12GTGnO17YBxj5FC59MRxa","2016-06-26T23:15:23Z",225517,33,0.604,0.617,5,-6.425,0.0474,0.00532,0.798,0.787,0.419,173.915
"461","beats & sounds","4rVzRplMEA1UDu8sNbqOSx","mark.rossi.06","Mind Control","3Nxj4GRfnh3jALbzxbZ340","2016-06-28T05:46:48Z",280800,18,0.768,0.654,8,-7.931,0.045,0.155,0.795,0.0892,0.336,99.988
"462","beats & sounds","4rVzRplMEA1UDu8sNbqOSx","mark.rossi.06","Sunset","28zHvrFpwDVcKMpvSEEC78","2016-06-30T03:57:50Z",252653,40,0.821,0.773,5,-8.77,0.071,0.00172,0.681,0.249,0.96,94.033
"463","beats & sounds","4rVzRplMEA1UDu8sNbqOSx","mark.rossi.06","A Beautiful Life","1xRg5kRYm923OSqvmCZnvJ","2016-07-05T15:58:59Z",282266,30,0.757,0.73,7,-9.31,0.0564,0.0669,0.826,0.108,0.441,173.976
"464","beats & sounds","4rVzRplMEA1UDu8sNbqOSx","mark.rossi.06","Say It (feat. Tove Lo)","4sQMalN597HdggTu196aL0","2016-07-20T15:16:35Z",262521,70,0.598,0.532,3,-6.833,0.0295,0.0668,3.22e-06,0.0617,0.275,74.963
"465","beats & sounds","4rVzRplMEA1UDu8sNbqOSx","mark.rossi.06","3","4c3SxCc5csh55BQNze8Jd0","2016-07-20T15:24:24Z",184822,49,0.342,0.583,11,-7.524,0.111,0.0251,0.00111,0.121,0.309,78.734
"466","beats & sounds","4rVzRplMEA1UDu8sNbqOSx","mark.rossi.06","Vibration","071Cr3F18215C5qQX2Vlaa","2016-07-26T20:56:34Z",211238,38,0.769,0.805,0,-8.286,0.0875,0.00946,0.821,0.204,0.76,148.063
"467","beats & sounds","4rVzRplMEA1UDu8sNbqOSx","mark.rossi.06","Waiting For A Surprise - Original Mix","3LRNZ93PUsRDPDTsQR2GKU","2016-07-27T13:33:57Z",344970,33,0.822,0.88,0,-8.523,0.0396,0.219,0.0392,0.113,0.636,113.966
"468","beats & sounds","4rVzRplMEA1UDu8sNbqOSx","mark.rossi.06","No Drama Afterhours","4QskyeNaRbwZiIvOW7zlC1","2016-07-27T14:02:29Z",385039,12,0.786,0.637,4,-9.882,0.0751,0.00288,0.872,0.0657,0.163,120.009
"469","beats & sounds","4rVzRplMEA1UDu8sNbqOSx","mark.rossi.06","Exquisite (feat. Dephlow)","5LBTCF3vZCfWmK0gNdj1TC","2016-08-11T13:40:15Z",166223,19,0.59,0.81,4,-7.943,0.379,0.362,0,0.302,0.528,174.275
"470","beats & sounds","4rVzRplMEA1UDu8sNbqOSx","mark.rossi.06","Today","3IwMAIJmekKr2CWPLQyUrt","2016-08-11T15:58:01Z",255165,4,0.532,0.894,2,-4.976,0.0472,0.00596,0.85,0.106,0.0852,99.696
"471","beats & sounds","4rVzRplMEA1UDu8sNbqOSx","mark.rossi.06","Release","7g9dhw7XK1Dd4fcQKx6RMa","2016-08-18T12:51:50Z",162658,29,0.797,0.627,11,-6.617,0.11,0.186,0.919,0.116,0.37,141.967
"472","beats & sounds","4rVzRplMEA1UDu8sNbqOSx","mark.rossi.06","Call of the Wild","6A26jRhrEgs1vXXqIwfkTY","2016-08-19T00:29:52Z",242624,0,0.581,0.923,4,-5.679,0.0457,0.00126,0.43,0.674,0.682,90.044
"473","beats & sounds","4rVzRplMEA1UDu8sNbqOSx","mark.rossi.06","Vampires (Afrolicious & Rob Garza Remix)","1qngE6xPCnNOclnZgrgr3C","2016-08-19T00:34:35Z",436596,41,0.698,0.829,2,-9.571,0.0355,0.0631,0.679,0.121,0.644,122.987
"474","beats & sounds","4rVzRplMEA1UDu8sNbqOSx","mark.rossi.06","Much Too Much","3apJ66G3QuD7rK9hacQUNp","2016-08-25T00:12:56Z",255000,55,0.812,0.342,6,-12.296,0.0962,0.0788,0.00145,0.0955,0.161,96.063
"475","beats & sounds","4rVzRplMEA1UDu8sNbqOSx","mark.rossi.06","Vibe","4ivH621MiVaiFm54ZDEtmE","2016-08-31T16:37:49Z",144000,23,0.585,0.625,8,-7.866,0.0883,0.0452,0.894,0.115,0.48,79.991
"476","beats & sounds","4rVzRplMEA1UDu8sNbqOSx","mark.rossi.06","On the Horizon","6iaYyGja9GoGCIo8tdyOL6","2016-09-01T12:52:39Z",279250,37,0.633,0.621,10,-9.269,0.0576,0.00489,0.000539,0.108,0.283,90.034
"477","beats & sounds","4rVzRplMEA1UDu8sNbqOSx","mark.rossi.06","La Funky","0leNTHlCitjVoDnx5ZG2S7","2016-09-20T23:42:58Z",279951,39,0.796,0.774,9,-4.833,0.0509,0.000407,0.812,0.0784,0.327,124.989
"478","beats & sounds","4rVzRplMEA1UDu8sNbqOSx","mark.rossi.06","Summer","35be5PHVDYwfg7nwWs7cKf","2016-10-09T01:50:35Z",171161,33,0.728,0.787,11,-4.857,0.389,0.416,0.000957,0.0652,0.19,102.123
"479","beats & sounds","4rVzRplMEA1UDu8sNbqOSx","mark.rossi.06","Angel","10DlZMvUW3WO76bQTmc7Pm","2016-10-14T19:01:17Z",301788,38,0.512,0.206,7,-20.203,0.0884,0.0159,0.000813,0.0891,0.15,157.968
"480","beats & sounds","4rVzRplMEA1UDu8sNbqOSx","mark.rossi.06","fire ant","5Un3j4DWzlacelR2oPmwtU","2016-11-03T20:41:45Z",298720,36,0.539,0.586,5,-3.899,0.206,0.256,0.0615,0.225,0.673,90.447
"481","beats & sounds","4rVzRplMEA1UDu8sNbqOSx","mark.rossi.06","Night Tracking","3eDw88tZWbM8fXTzDOsLts","2016-11-16T13:44:38Z",252123,22,0.815,0.679,0,-9.411,0.0757,0.0421,0.86,0.0792,0.322,123.997
"482","beats & sounds","4rVzRplMEA1UDu8sNbqOSx","mark.rossi.06","Had I Known You Better Then","2aoHAxXJYM1sF71NT1cLg0","2016-11-17T02:31:33Z",202093,37,0.517,0.409,5,-15.712,0.0357,0.602,0,0.33,0.624,88.611
"483","beats & sounds","4rVzRplMEA1UDu8sNbqOSx","mark.rossi.06","To the Moon and Beyond","7HOcP8cH5XgKgBYiEYKBT3","2016-11-25T23:37:09Z",204099,18,0.484,0.193,9,-13.143,0.0325,0.696,0.789,0.102,0.0711,87.04
"484","beats & sounds","4rVzRplMEA1UDu8sNbqOSx","mark.rossi.06","Wings","67ChP2tyLa1NABp3fifvBc","2016-12-03T21:32:47Z",246527,46,0.652,0.828,8,-4.869,0.0955,0.489,0,0.11,0.269,112.521
"485","beats & sounds","4rVzRplMEA1UDu8sNbqOSx","mark.rossi.06","Whelk Then","3C2EoVLfPVajaocjUBlooV","2016-12-20T00:18:21Z",339313,57,0.746,0.211,10,-10.7,0.0944,0.0499,0.493,0.111,0.0349,112.901
"486","beats & sounds","4rVzRplMEA1UDu8sNbqOSx","mark.rossi.06","¥ (money)","3k641Lb6XaiJkpnsyabI3H","2017-01-05T19:18:11Z",185567,48,0.776,0.597,7,-8.467,0.42,0.201,0.00925,0.12,0.752,96.99
"487","beats & sounds","4rVzRplMEA1UDu8sNbqOSx","mark.rossi.06","Heavy metal drummer","4xmeLj3uVcoAwgDtwM4MbG","2017-01-05T19:51:40Z",188840,52,0.661,0.66,7,-9.061,0.0373,0.0257,0.00977,0.256,0.819,120.617
"488","beats & sounds","4rVzRplMEA1UDu8sNbqOSx","mark.rossi.06","Apple Pies & Butterflies","7l3MZPlCyfO7wXXH2X0JRE","2017-02-14T00:50:23Z",196231,40,0.846,0.377,10,-13.698,0.169,0.385,0.847,0.0409,0.599,100.028
"489","beats & sounds","4rVzRplMEA1UDu8sNbqOSx","mark.rossi.06","Worlds To Run (VIP Dub)","3DNl4xHXCO3F6gC3sRCaON","2017-02-15T16:52:56Z",225605,40,0.632,0.485,11,-11.574,0.0311,0.0401,0.866,0.243,0.0448,143.112
"490","beats & sounds","4rVzRplMEA1UDu8sNbqOSx","mark.rossi.06","Realize","27Fihrnc4vP9Q3N3fxzdNk","2017-02-23T20:28:57Z",212727,53,0.604,0.641,6,-7.883,0.0467,0.208,0.425,0.214,0.195,109.981
"491","beats & sounds","4rVzRplMEA1UDu8sNbqOSx","mark.rossi.06","Hourglass","2QrvbvlcQ71d4wvu7FU41v","2017-03-07T04:23:35Z",258000,31,0.842,0.239,11,-10.454,0.0764,0.312,0.362,0.0888,0.336,119.995
"492","beats & sounds","4rVzRplMEA1UDu8sNbqOSx","mark.rossi.06","See You Down","0UKok52fEo2NqYF9gM23zC","2017-04-07T02:28:45Z",224235,25,0.646,0.703,10,-12.068,0.0362,0.34,0.731,0.106,0.271,90.994
